no,cat,name,city,addr,lat,lng,src
1,유치원,거문초등학교병설유치원,여수,전남광주통합특별시 여수시 삼산면 녹산등대길 8-17,34.752,127.662,approx-city
2,유치원,경호초등학교병설유치원,여수,전남광주통합특별시 여수시 대경도4길 48 (경호동),34.718183,127.726048,nominatim
3,유치원,관기초등학교병설유치원,여수,전남광주통합특별시 여수시 소라면 관기길 20,34.752,127.662,approx-city
4,유치원,꽃가람유치원,여수,전남광주통합특별시 여수시 여서2로 20 (여서동,34.752765,127.709215,nominatim
5,유치원,도원초등학교병설유치원,여수,전남광주통합특별시 여수시 선원4길 38 (선원동),34.763737,127.650974,nominatim
6,유치원,동백초등학교병설유치원,여수,전남광주통합특별시 여수시 돌산읍 강남10길 27,34.752,127.662,approx-city
7,유치원,미주유치원,여수,전남광주통합특별시 여수시 장성마을길 18-9 (안산동),34.758901,127.653682,nominatim
8,유치원,백상유치원,여수,전남광주통합특별시 여수시 좌수영로 441 (둔덕동),34.765839,127.703231,nominatim
9,유치원,상암초등학교병설유치원,여수,전남광주통합특별시 여수시 상암로 625 (상암동),34.800408,127.717556,nominatim
10,유치원,선경유치원,여수,전남광주통합특별시 여수시 양지3길 16 (미평동),34.771869,127.703799,nominatim
11,유치원,성모유치원,여수,전남광주통합특별시 여수시 신월로 799-2 (봉강동),34.755813,127.674652,nominatim
12,유치원,소나무유치원,여수,전남광주통합특별시 여수시 구봉2길 2 (국동),34.732293,127.712159,nominatim
13,유치원,소라초등학교병설유치원,여수,전남광주통합특별시 여수시 소라면 덕양로 431,34.772829,127.638129,nominatim
14,유치원,소호초등학교병설유치원,여수,전남광주통합특별시 여수시 소호로 499 (소호동),34.736734,127.648368,nominatim
15,유치원,송현유치원,여수,전남광주통합특별시 여수시 웅천7길 47 (웅천동),34.752,127.662,approx-city
16,유치원,시온유치원,여수,전남광주통합특별시 여수시 쌍봉로 318-1 (둔덕동),34.764348,127.677138,nominatim
17,유치원,시전초등학교병설유치원,여수,전남광주통합특별시 여수시 망마로 82-17 (신기동),34.759118,127.66802,nominatim
18,유치원,신기초등학교병설유치원,여수,전남광주통합특별시 여수시 여천체육공원길 24 (신기동),34.758888,127.677754,nominatim
19,유치원,신풍초등학교병설유치원,여수,전남광주통합특별시 여수시 율촌면 여순로 435-4,34.752,127.662,approx-city
20,유치원,쌍봉초등학교병설유치원,여수,전남광주통합특별시 여수시 흥국로 47 (학동),34.763085,127.665832,nominatim
21,유치원,안심초등학교병설유치원,여수,전남광주통합특별시 여수시 소호7길 23 (소호동),34.739985,127.64801,nominatim
22,유치원,안일초등학교병설유치원,여수,전남광주통합특별시 여수시 화양면 화양로 341-3,34.687192,127.603396,nominatim
23,유치원,여남초등학교병설유치원,여수,전남광주통합특별시 여수시 남면 금오로 836,34.52767,127.76934,nominatim
24,유치원,여수구봉초등학교병설유치원,여수,전남광주통합특별시 여수시 구봉산길 51 (국동),34.73896,127.714266,nominatim
25,유치원,여수남초등학교병설유치원,여수,전남광주통합특별시 여수시 어항로 22 (국동),34.732018,127.72109,nominatim
26,유치원,여수동초등학교병설유치원,여수,전남광주통합특별시 여수시 진남로 151 (공화동),34.742463,127.735257,nominatim
27,유치원,여수문수초등학교병설유치원,여수,전남광주통합특별시 여수시 허문정1길 48-5 (문수동),34.750184,127.694425,nominatim
28,유치원,여수미평초등학교병설유치원,여수,전남광주통합특별시 여수시 좌수영로 390 (미평동),34.781988,127.670647,nominatim
29,유치원,여수봉산초등학교병설유치원,여수,전남광주통합특별시 여수시 봉산새철4길 28 (봉산동),34.737059,127.725077,nominatim
30,유치원,여수북초등학교병설유치원,여수,전남광주통합특별시 여수시 망양로 306 (만흥동),34.832402,127.73968,nominatim
31,유치원,여수서초등학교병설유치원,여수,전남광주통합특별시 여수시 서교1길 29 (서교동),34.740543,127.72658,nominatim
32,유치원,여수성산유치원,여수,전남광주통합특별시 여수시 대통1길 15 (화장동),34.777826,127.643726,nominatim
33,유치원,여수신월초등학교병설유치원,여수,전남광주통합특별시 여수시 신월로 614 (신월동),34.745537,127.68358,nominatim
34,유치원,여수양지초등학교병설유치원,여수,전남광주통합특별시 여수시 양지1길 21 (미평동),34.77206,127.702028,nominatim
35,유치원,여수여문초등학교병설유치원,여수,전남광주통합특별시 여수시 문수로 142-16 (문수동),34.75749,127.709577,nominatim
36,유치원,여수종고초등학교병설유치원,여수,전남광주통합특별시 여수시 공화북6길 52 (덕충동),34.74837,127.743715,nominatim
37,유치원,여수좌수영초등학교병설유치원,여수,전남광주통합특별시 여수시 여문2로 50 (문수동),34.753073,127.693316,nominatim
38,유치원,여수중앙유치원,여수,전남광주통합특별시 여수시 여문1로 90 (문수동,34.754542,127.70236,nominatim
39,유치원,여수중앙초등학교병설유치원,여수,전남광주통합특별시 여수시 하멜로 35 (종화동),34.737914,127.746892,nominatim
40,유치원,여수진남초등학교병설유치원,여수,전남광주통합특별시 여수시 좌수영로 131 (광무동),34.755463,127.723478,nominatim
41,유치원,여수한려초등학교병설유치원,여수,전남광주통합특별시 여수시 여문1로 80 (문수동),34.754777,127.702172,nominatim
42,유치원,여천초등학교병설유치원,여수,전남광주통합특별시 여수시 주동1길 30 (주삼동),34.787124,127.654619,nominatim
43,유치원,여천푸른유치원,여수,전남광주통합특별시 여수시 소호2길 6-3 (소호동),34.747783,127.656059,nominatim
44,유치원,영재유치원,여수,전남광주통합특별시 여수시 여문2로 37 (문수동),34.749993,127.69321,nominatim
45,유치원,예울초등학교병설유치원,여수,전남광주통합특별시 여수시 웅천북4로 9 (웅천동),34.752,127.662,approx-city
46,유치원,온누리유치원,여수,전남광주통합특별시 여수시 신기남1길 6-10 (신기동),34.759742,127.669436,nominatim
47,유치원,웅천초등학교병설유치원,여수,전남광주통합특별시 여수시 웅천중앙로 61 (웅천동),34.747282,127.677007,nominatim
48,유치원,율촌초등학교병설유치원,여수,전남광주통합특별시 여수시 율촌면 율촌초교길 7,34.752,127.662,approx-city
49,유치원,은혜유치원,여수,전남광주통합특별시 여수시 안산2길 12 (안산동),34.757957,127.64933,nominatim
50,유치원,제일유치원,여수,전남광주통합특별시 여수시 여문2로 76 (문수동),34.753073,127.693316,nominatim
51,유치원,죽림초등학교병설유치원,여수,전남광주통합특별시 여수시 소라면 죽림로 60,34.766086,127.63788,nominatim
52,유치원,킨더숲유치원,여수,전남광주통합특별시 여수시 소라면 안심산길 155,34.748847,127.640005,nominatim
53,유치원,하늘빛유치원,여수,전남광주통합특별시 여수시 용수길 2-35 (둔덕동),34.783564,127.698261,nominatim
54,유치원,해바라기유치원,여수,전남광주통합특별시 여수시 무선6길 21 (선원동),34.774277,127.651729,nominatim
55,유치원,화양초등학교병설유치원,여수,전남광주통합특별시 여수시 화양면 화동로 149,34.684955,127.592422,nominatim
56,유치원,기린숲유치원,순천,전남광주통합특별시 순천시 해룡면 송산5길 1,34.9506,127.4872,approx-city
57,유치원,꿈초롱유치원,순천,전남광주통합특별시 순천시 원가곡2길 7-7 (가곡동),34.985501,127.484045,nominatim
58,유치원,낙안초등학교병설유치원,순천,전남광주통합특별시 순천시 낙안면 동서길 20,34.9506,127.4872,approx-city
59,유치원,동명초등학교병설유치원,순천,전남광주통합특별시 순천시 해룡면 동명초등길 23,34.948084,127.527051,nominatim
60,유치원,동산초등학교병설유치원,순천,전남광주통합특별시 순천시 서면 순천로 16,34.9506,127.4872,approx-city
61,유치원,매안초등학교병설유치원,순천,전남광주통합특별시 순천시 해룡면 좌야로 16,34.931893,127.545512,nominatim
62,유치원,민들레유치원,순천,전남광주통합특별시 순천시 해룡면 상비매봉길 23,34.9506,127.4872,approx-city
63,유치원,별량초등학교병설유치원,순천,전남광주통합특별시 순천시 별량면 별량길 58,34.9506,127.4872,approx-city
64,유치원,상사초등학교병설유치원,순천,전남광주통합특별시 순천시 상사면 상사초등길 55,34.9506,127.4872,approx-city
65,유치원,새싹유치원,순천,전남광주통합특별시 순천시 강변로 943 (석현동),34.942695,127.497479,nominatim
66,유치원,성모유치원,순천,전남광주통합특별시 순천시 서문로 19-1 (저전동),34.951132,127.481399,nominatim
67,유치원,순천남산초등학교병설유치원,순천,전남광주통합특별시 순천시 풍덕새길 89 (풍덕동),34.938856,127.494778,nominatim
68,유치원,순천남초등학교병설유치원,순천,전남광주통합특별시 순천시 서문로 7 (저전동),34.951132,127.481399,nominatim
69,유치원,순천대석초등학교병설유치원,순천,전남광주통합특별시 순천시 기적의도서관2길 52 (연향동),34.946601,127.527045,nominatim
70,유치원,순천도사초등학교병설유치원,순천,전남광주통합특별시 순천시 순천만길 166 (홍내동),34.900153,127.504908,nominatim
71,유치원,순천봉화초등학교병설유치원,순천,전남광주통합특별시 순천시 봉화1길 57 (조례동),34.959531,127.514577,nominatim
72,유치원,순천부영초등학교병설유치원,순천,전남광주통합특별시 순천시 연향중앙상가길 68 (연향동),34.952069,127.519563,nominatim
73,유치원,순천북유치원,순천,전남광주통합특별시 순천시 북정3길 11 (매곡동),34.965399,127.482838,nominatim
74,유치원,순천비봉유치원,순천,전남광주통합특별시 순천시 비봉길 90-1 (조례동),34.9506,127.4872,approx-city
75,유치원,순천성남초등학교병설유치원,순천,전남광주통합특별시 순천시 우석로 160 (남정동),34.930023,127.490806,nominatim
76,유치원,순천성동초등학교병설유치원,순천,전남광주통합특별시 순천시 황금2길 28 (동외동),34.9506,127.4872,approx-city
77,유치원,순천신흥초등학교병설유치원,순천,전남광주통합특별시 순천시 장선배기길 60 (조례동),34.95188,127.528995,nominatim
78,유치원,순천연향초등학교병설유치원,순천,전남광주통합특별시 순천시 연향번영길 11 (연향동),34.952094,127.518306,nominatim
79,유치원,순천왕운초등학교병설유치원,순천,전남광주통합특별시 순천시 왕지3길 41 (왕지동),34.973896,127.525291,nominatim
80,유치원,순천왕조초등학교병설유치원,순천,전남광주통합특별시 순천시 봉화1길 105 (조례동),34.954578,127.51417,nominatim
81,유치원,순천왕지초등학교병설유치원,순천,전남광주통합특별시 순천시 연동남3길 8 (조례동),34.9506,127.4872,approx-city
82,유치원,순천율산유치원,순천,전남광주통합특별시 순천시 도장길 10 (연향동),34.940366,127.52588,nominatim
83,유치원,순천이수초등학교병설유치원,순천,전남광주통합특별시 순천시 우명길 24 (조례동),34.9506,127.4872,approx-city
84,유치원,순천정원유치원,순천,전남광주통합특별시 순천시 역전장길 55 (풍덕동),34.943677,127.50004,nominatim
85,유치원,순천제일대학교부설유치원,순천,전남광주통합특별시 순천시 제일대학길 17 (덕월동),34.934014,127.486289,nominatim
86,유치원,순천조례초등학교병설유치원,순천,전남광주통합특별시 순천시 순광로 15 (조례동),34.955051,127.5236,nominatim
87,유치원,순천풍덕초등학교병설유치원,순천,전남광주통합특별시 순천시 팔마1길 9-10 (연향동),34.934517,127.513157,nominatim
88,유치원,승주초등학교병설유치원,순천,전남광주통합특별시 순천시 승주읍 승주로 639,35.023823,127.346063,nominatim
89,유치원,신대유치원,순천,전남광주통합특별시 순천시 해룡면 좌야로 77-19,34.936835,127.546086,nominatim
90,유치원,신대초등학교병설유치원,순천,전남광주통합특별시 순천시 해룡면 좌야로 159-10,34.930229,127.551023,nominatim
91,유치원,아이미소유치원,순천,전남광주통합특별시 순천시 해룡면 매안1길 23,34.92811,127.553226,nominatim
92,유치원,안데르센유치원,순천,전남광주통합특별시 순천시 왕궁중앙길 34 (조례동),34.955777,127.533405,nominatim
93,유치원,에코드림유치원,순천,전남광주통합특별시 순천시 해룡면 매안5길 15,34.931636,127.552264,nominatim
94,유치원,연향석화유치원,순천,전남광주통합특별시 순천시 연향중앙상가길 80 (연향동,34.952069,127.519563,nominatim
95,유치원,외서초등학교병설유치원,순천,전남광주통합특별시 순천시 외서면 반월로 6,34.911851,127.265961,nominatim
96,유치원,제일유치원,순천,전남광주통합특별시 순천시 해룡면 상성길 222,34.936386,127.539681,nominatim
97,유치원,주암초등학교병설유치원,순천,전남광주통합특별시 순천시 주암면 동주로 2093,35.064211,127.26525,nominatim
98,유치원,창촌초등학교병설유치원,순천,전남광주통합특별시 순천시 주암면 창동주암길 3,34.9506,127.4872,approx-city
99,유치원,청솔장미유치원,순천,전남광주통합특별시 순천시 해룡면 장선배기길 284 (청솔아파트),34.944898,127.530835,nominatim
100,유치원,킨더캐슬유치원,순천,전남광주통합특별시 순천시 해룡면 신대로 97 (중흥에스-클래스5단지),34.932809,127.548074,nominatim
101,유치원,팔마초등학교병설유치원,순천,전남광주통합특별시 순천시 해룡면 장선배기길 113,34.950666,127.530775,nominatim
102,유치원,해룡초등학교병설유치원,순천,전남광주통합특별시 순천시 해룡면 해룡로 1119,34.886292,127.521863,nominatim
103,유치원,황전초등학교병설유치원,순천,전남광주통합특별시 순천시 황전면 수평길 21,34.9506,127.4872,approx-city
104,유치원,힘스유치원,순천,전남광주통합특별시 순천시 해룡면 정채봉길 39-37,34.9506,127.4872,approx-city
105,유치원,골약초등학교병설유치원,광양,전남광주통합특별시 광양시 하포길 70-7 (황길동),34.9403,127.6959,approx-city
106,유치원,광양가야초등학교병설유치원,광양,전남광주통합특별시 광양시 가야로 369 (광영동),34.964108,127.713434,nominatim
107,유치원,광양덕례초등학교병설유치원,광양,전남광주통합특별시 광양시 광양읍 서산길 77,34.9403,127.6959,approx-city
108,유치원,광양동초등학교병설유치원,광양,전남광주통합특별시 광양시 광양읍 읍성길 61,34.9403,127.6959,approx-city
109,유치원,광양마동초등학교병설유치원,광양,전남광주통합특별시 광양시 진등6길 14 (마동),34.9403,127.6959,approx-city
110,유치원,광양마로초등학교병설유치원,광양,전남광주통합특별시 광양시 광양읍 와룡길 60,34.9403,127.6959,approx-city
111,유치원,광양백운초등학교병설유치원,광양,전남광주통합특별시 광양시 광장로 21 (중동),34.937139,127.691795,nominatim
112,유치원,광양서초등학교병설유치원,광양,전남광주통합특별시 광양시 광양읍 숲샘길 29,34.970824,127.585362,nominatim
113,유치원,광양용강초등학교병설유치원,광양,전남광주통합특별시 광양시 광양읍 용강1길 40,34.9403,127.6959,approx-city
114,유치원,광양제철유치원,광양,전남광주통합특별시 광양시 금호로 84 (금호동),34.934126,127.718806,nominatim
115,유치원,광양중동초등학교병설유치원,광양,전남광주통합특별시 광양시 광장로 112-6 (중동),34.933361,127.695699,nominatim
116,유치원,광양중마유치원,광양,전남광주통합특별시 광양시 구마10길 3-10 (중동),34.9403,127.6959,approx-city
117,유치원,광양중앙초등학교병설유치원,광양,전남광주통합특별시 광양시 불무길 15 (중동),34.9403,127.6959,approx-city
118,유치원,광양중진초등학교병설유치원,광양,전남광주통합특별시 광양시 광장로 75 (중동),34.933312,127.69282,nominatim
119,유치원,광양칠성초등학교병설유치원,광양,전남광주통합특별시 광양시 광양읍 서평로 60,34.9403,127.6959,approx-city
120,유치원,광영초등학교병설유치원,광양,전남광주통합특별시 광양시 금영로 140 (광영동),34.963251,127.720321,nominatim
121,유치원,리베유치원,광양,전남광주통합특별시 광양시 광양읍 신재로 82 (목성아파트),34.972724,127.589269,nominatim
122,유치원,부경유치원,광양,전남광주통합특별시 광양시 진등5길 25 (마동),34.9403,127.6959,approx-city
123,유치원,뽀뽀뽀유치원,광양,전남광주통합특별시 광양시 광영큰골길 26 (광영동),34.9403,127.6959,approx-city
124,유치원,산새소리숲유치원,광양,전남광주통합특별시 광양시 용장길 219 (성황동),34.945235,127.660138,nominatim
125,유치원,성황초등학교병설유치원,광양,전남광주통합특별시 광양시 지동길 15 (성황동),34.940497,127.682595,nominatim
126,유치원,신화유치원,광양,전남광주통합특별시 광양시 공영로 10 (중동,34.935842,127.694589,nominatim
127,유치원,엔젤유치원,광양,전남광주통합특별시 광양시 등논3길 5-4 (마동),34.952583,127.6962,nominatim
128,유치원,옥곡초등학교병설유치원,광양,전남광주통합특별시 광양시 옥곡면 옥진로 623,34.990859,127.689199,nominatim
129,유치원,옥룡초등학교병설유치원,광양,전남광주통합특별시 광양시 옥룡면 신재로 607,35.001589,127.609707,nominatim
130,유치원,진상초등학교병설유치원,광양,전남광주통합특별시 광양시 진상면 신시2길 44,34.9403,127.6959,approx-city
131,유치원,진월초등학교병설유치원,광양,전남광주통합특별시 광양시 진월면 방죽1길 10,34.9403,127.6959,approx-city
132,유치원,태인초등학교병설유치원,광양,전남광주통합특별시 광양시 태인길 95 (태인동),34.9403,127.6959,approx-city
133,유치원,혜화유치원,광양,전남광주통합특별시 광양시 영수길 94 (광영동),34.964912,127.719117,nominatim
134,어린이집,가야어린이집,광양,전라남도 광양시 가야로 88,34.948742,127.705336,nominatim
135,어린이집,경선어린이집,광양,전라남도 광양시 광양읍 인서4길 7,34.9403,127.6959,approx-city
136,어린이집,고운맘어린이집,광양,"전라남도 광양시 사동로 139 102동 106호(중동, 광양써니밸리아파트)",34.950085,127.688178,nominatim
137,어린이집,광산특수어린이집,광양,전라남도 광양시 마장1길 9-7,34.9403,127.6959,approx-city
138,어린이집,광양YMCA어린이집,광양,전라남도 광양시 세동길 17-8,34.9403,127.6959,approx-city
139,어린이집,광양광영2차부영사랑으로어린이집,광양,전라남도 광양시 금영로 16 광영부영2차아파트 단지내,34.959693,127.726691,nominatim
140,어린이집,광양동문디이스트어린이집,광양,전라남도 광양시 눈소10길 58 동문디이스트아파트 단지 내,34.946664,127.714279,nominatim
141,어린이집,광양보듬이나눔이어린이집,광양,전라남도 광양시 시청로 6 (중동),34.940116,127.700611,nominatim
142,어린이집,광양산이고운마린파크어린이집,광양,전라남도 광양시 항만10로 30 광양산이고운마린파크아파트 단지 내,34.923727,127.692568,nominatim
143,어린이집,광양세미존서희스타힐스어린이집,광양,전라남도 광양시 광양읍 무선2길 15 광양세미존서희스타힐스어린이집,34.957375,127.574424,nominatim
144,어린이집,광양센트럴자이어린이집,광양,전라남도 광양시 성황수동로 21 광양센트럴자이아파트 관리동 내,34.939564,127.678297,nominatim
145,어린이집,광양스위트엠르네상스어린이집,광양,전라남도 광양시 눈소4길 37 광양스위트엠르네상스 단지내,34.9403,127.6959,approx-city
146,어린이집,광양아카데미어린이집,광양,전라남도 광양시 광양읍 예구9길 18,34.9403,127.6959,approx-city
147,어린이집,광양어린이집,광양,전라남도 광양시 광양읍 남등4길 16-1,34.976787,127.578754,nominatim
148,어린이집,광양영무예다음어린이집,광양,전라남도 광양시 중마중앙로 273 영무예다음아파트 단지 내,34.930788,127.698163,nominatim
149,어린이집,광양의봄어린이집,광양,전라남도 광양시 광영의암2로 2 광양의봄프리미엄2차 단지내,34.9403,127.6959,approx-city
150,어린이집,광양중흥S클래스어린이집,광양,전라남도 광양시 눈소10길 16 단지 내,34.946525,127.711829,nominatim
151,어린이집,광양초원어린이집,광양,전라남도 광양시 봉강면 명암길 43-6,34.9403,127.6959,approx-city
152,어린이집,광양푸르지오더센트럴어린이집,광양,전라남도 광양시 황금4로 53 광양푸르지오더센트럴,34.914494,127.640112,nominatim
153,어린이집,광양푸르지오더퍼스트어린이집,광양,전라남도 광양시 성황수동로 22 광양푸르지오더퍼스트 단지내,34.939564,127.678297,nominatim
154,어린이집,광양한라비발디센트럴마크어린이집,광양,전라남도 광양시 황금4로 54 단지 내,34.914494,127.640112,nominatim
155,어린이집,근로복지공단 광양어린이집,광양,전라남도 광양시 중동2길 28 (중동),34.9403,127.6959,approx-city
156,어린이집,꼬마또래어린이집,광양,"전라남도 광양시 공영로 39 101-106(중동,호반리젠시빌)",34.935842,127.694589,nominatim
157,어린이집,꿈나무어린이집,광양,전라남도 광양시 중촌길 49 (중동),34.9403,127.6959,approx-city
158,어린이집,꿈사랑어린이집,광양,"전라남도 광양시 진등길 40 105동 105호(중동, 대광로제비앙아파트)",34.957135,127.691202,nominatim
159,어린이집,꿈이자라는어린이집,광양,전라남도 광양시 광양읍 용강1길 12 205동 102호 (창덕에버빌아파트),34.9403,127.6959,approx-city
160,어린이집,낙원어린이집,광양,전라남도 광양시 옥곡면 금영로 257,34.9403,127.6959,approx-city
161,어린이집,내친구어린이집,광양,전라남도 광양시 느지매기길 25-16,34.9403,127.6959,approx-city
162,어린이집,내품에어린이집,광양,"전라남도 광양시 공영로 10 102동 105호(중동, 금광아파트)",34.935842,127.694589,nominatim
163,어린이집,늘해랑어린이집,광양,전라남도 광양시 와룡길 33 706/103(광양읍 송보파인빌),34.9403,127.6959,approx-city
164,어린이집,다은어린이집,광양,"전라남도 광양시 광양읍 서북2길 115 광양읍, 이편한세상아파트 103동 내",34.9403,127.6959,approx-city
165,어린이집,더샵광양베이센트어린이집,광양,전라남도 광양시 황금1로 66 더샵광양베이센트아파트 단지 내,34.913137,127.635796,nominatim
166,어린이집,더샵프리모어린이집,광양,전라남도 광양시 성황수동로 13 더샵프리모성황아파트 단지 내,34.939564,127.678297,nominatim
167,어린이집,덕진광양의봄선샤인어린이집,광양,전라남도 광양시 광양읍 용강로 118 덕진광양의봄선샤인아파트 단지 내,34.9403,127.6959,approx-city
168,어린이집,덕진봄빛어린이집,광양,전라남도 광양시 중마로 369 덕진아파트 205동,34.951539,127.701826,nominatim
169,어린이집,덕진봄어린이집,광양,전라남도 광양시 광양읍 서평1길 9,34.9403,127.6959,approx-city
170,어린이집,덕진봄플러스어린이집,광양,전라남도 광양시 광양읍 덕산4길 86 덕진광양의봄플러스아파트 관리동 내,34.9403,127.6959,approx-city
171,어린이집,덕진키즈맘어린이집,광양,"전라남도 광양시 중마로 367 104동 104호(마동, 덕진광양의봄아파트 1단지내)",34.952513,127.70142,nominatim
172,어린이집,동심어린이집,광양,전라남도 광양시 광양읍 예구6길 20,34.9403,127.6959,approx-city
173,어린이집,동화나라어린이집,광양,전라남도 광양시 발섬1길 3-8,34.932346,127.699305,nominatim
174,어린이집,라온노르웨이숲어린이집,광양,전라남도 광양시 자작길 23 중마노르웨이숲아파트 단지 내,34.9403,127.6959,approx-city
175,어린이집,리베어린이집,광양,전라남도 광양시 광양읍 신재로 82,34.972724,127.589269,nominatim
176,어린이집,리베폴어린이집,광양,전라남도 광양시 진등2길 13 302동 1층,34.9403,127.6959,approx-city
177,어린이집,맘앤아이어린이집,광양,"전라남도 광양시 진등6길 11 109동 102호(마동, 금광블루빌아파트)",34.9403,127.6959,approx-city
178,어린이집,백합어린이집,광양,전라남도 광양시 광양읍 용두1길 26-16,34.9403,127.6959,approx-city
179,어린이집,보물섬어린이집,광양,"전라남도 광양시 진등3길 6 중동, 대광로제비앙2차 아파트",34.9403,127.6959,approx-city
180,어린이집,보은어린이집,광양,전라남도 광양시 광양읍 유당로 64-3,34.9403,127.6959,approx-city
181,어린이집,사랑가득어린이집,광양,전라남도 광양시 진등길 64 송보파인빌뷰아파트 102동 102호(마동),34.957135,127.691202,nominatim
182,어린이집,새나라어린이집,광양,전라남도 광양시 광양읍 서평8길 9,34.9403,127.6959,approx-city
183,어린이집,샛별어린이집,광양,"전라남도 광양시 구마9길 11 중마, 주공2차관리사무소 2층",34.9403,127.6959,approx-city
184,어린이집,세종어린이집,광양,전라남도 광양시 광장로 112-11 태영1차아파트 단지 내,34.934744,127.69502,nominatim
185,어린이집,송보나린어린이집,광양,전라남도 광양시 진등길 55-5 송보5차아파트 관리동 내,34.958409,127.69211,nominatim
186,어린이집,수시아어린이집,광양,전라남도 광양시 광양읍 서산길 43 102동 104호(수시아아파트),34.9403,127.6959,approx-city
187,어린이집,수퍼루키어린이집,광양,전라남도 광양시 진등6길 51 송보6차아파트 단지 내(마동),34.9403,127.6959,approx-city
188,어린이집,스마일어린이집,광양,전라남도 광양시 지동길 33-21,34.937474,127.681765,nominatim
189,어린이집,슬기어린이집,광양,전라남도 광양시 광양읍 와룡5길 7,34.9403,127.6959,approx-city
190,어린이집,시찌다어린이집,광양,"전라남도 광양시 공영로 39 101동 101호(중동, 호반리젠시빌아파트)",34.935842,127.694589,nominatim
191,어린이집,신화어린이집,광양,전라남도 광양시 공영로 10 (중동),34.935842,127.694589,nominatim
192,어린이집,아기둥지어린이집,광양,"전라남도 광양시 광장로 120 202동109호(중동 ,태영@)",34.934744,127.69502,nominatim
193,어린이집,아기사랑어린이집,광양,전라남도 광양시 가야로 380 4동 101호(가야아파트),34.964108,127.713434,nominatim
194,어린이집,아이사랑어린이집,광양,전라남도 광양시 서평1길 99 109-101(매화마을 주공아파트),34.979995,127.576802,nominatim
195,어린이집,아이캐슬어린이집,광양,전라남도 광양시 광양읍 대림오성로 139 오성타워맨션 관리동 내,34.9403,127.6959,approx-city
196,어린이집,아이편한어린이집,광양,"전라남도 광양시 시청로 62 e편한세상광양아파트, 102동 1층내",34.939277,127.699213,nominatim
197,어린이집,안데르센어린이집,광양,전라남도 광양시 광장로 112-20 성호 1차 106동 옆 (중동),34.932458,127.697574,nominatim
198,어린이집,에르가어린이집,광양,전라남도 광양시 광양읍 서산길 5 에르가아파트 상가동,34.9403,127.6959,approx-city
199,어린이집,에벤에셀어린이집,광양,전라남도 광양시 길호길 91-3,34.930744,127.694789,nominatim
200,어린이집,엔젤어린이집,광양,전라남도 광양시 등논3길 5-2 (마동),34.952583,127.6962,nominatim
201,어린이집,온누리어린이집,광양,전라남도 광양시 광양읍 서북5길 25,34.9403,127.6959,approx-city
202,어린이집,왕자와공주꿈동산어린이집,광양,전라남도 광양시 중촌길 36 (중동),34.9403,127.6959,approx-city
203,어린이집,용강어린이집,광양,전라남도 광양시 용강2길 11,34.9403,127.6959,approx-city
204,어린이집,우림아이어린이집,광양,전라남도 광양시 눈소4길 65 102동 1층,34.9403,127.6959,approx-city
205,어린이집,자연어린이집,광양,전라남도 광양시 광양읍 와룡5길 23,34.9403,127.6959,approx-city
206,어린이집,중앙어린이집,광양,전라남도 광양시 구마길 38-3,34.9403,127.6959,approx-city
207,어린이집,진상어린이집,광양,전라남도 광양시 진상면 섬거길 5-14,34.9403,127.6959,approx-city
208,어린이집,진아리채어린이집,광양,전라남도 광양시 중마1길 21 진아리채아파트 관리동,34.93768,127.687221,nominatim
209,어린이집,창덕어린이집,광양,전라남도 광양시 광양읍 용강1길 12 창덕에버빌2차 관리동 2층,34.9403,127.6959,approx-city
210,어린이집,키즈아이원어린이집,광양,전라남도 광양시 대림2길 3,34.967859,127.564273,nominatim
211,어린이집,태인어린이집,광양,전라남도 광양시 담안2길 16-15,34.9403,127.6959,approx-city
212,어린이집,파랑새어린이집,광양,전라남도 광양시 광양읍 서평10길 3,34.9403,127.6959,approx-city
213,어린이집,포스코금당어린이집,광양,전라남도 광양시 초원길 36 포스코금당어린이집,34.938669,127.722285,nominatim
214,어린이집,포스코금호어린이집,광양,전라남도 광양시 동백길 81 (금호동),34.939955,127.726605,nominatim
215,어린이집,푸른숲어린이집,광양,전라남도 광양시 광장로 70 성호2차아파트 관리동(중동),34.93327,127.689481,nominatim
216,어린이집,푸른어린이집,광양,전라남도 광양시 광양읍 대림오성로 11 대림아파트 단지내,34.9403,127.6959,approx-city
217,어린이집,피노키오유아스쿨어린이집,광양,전라남도 광양시 광양읍 와룡길 9-5,34.9403,127.6959,approx-city
218,어린이집,하늘꿈어린이집,광양,"전라남도 광양시 중마로 210 (중동, 남양파크 관리동 1층)",34.943506,127.703288,nominatim
219,어린이집,한빛어린이집,광양,전라남도 광양시 광양읍 은장도길 15-6,34.9403,127.6959,approx-city
220,어린이집,한아름어린이집,광양,"전라남도 광양시 광장로 84 305동 101호(중동, 성호3차아파트)",34.930906,127.693555,nominatim
221,어린이집,한올유아스쿨어린이집,광양,전라남도 광양시 광양읍 서평2길 19,34.9403,127.6959,approx-city
222,어린이집,해맑은어린이집,광양,전라남도 광양시 느지매기길 15-29,34.9403,127.6959,approx-city
223,어린이집,해오름어린이집,광양,전라남도 광양시 진등1길 33 (중동),34.9403,127.6959,approx-city
224,어린이집,해처럼어린이집,광양,전라남도 광양시 나룻2길 15 (광영동),34.9403,127.6959,approx-city
225,어린이집,해피아이어린이집,광양,전라남도 광양시 광영로 141 109동 102호(현대아파트),34.963833,127.716462,nominatim
226,어린이집,햇빛어린이집,광양,전라남도 광양시 광장로 26 (중동),34.934744,127.69502,nominatim
227,어린이집,햇살어린이집,광양,전라남도 광양시 광장로 70 212동 109호,34.93327,127.689481,nominatim
228,어린이집,호반어린이집,광양,전라남도 광양시 공영로 39 호반리젠시빌아파트 단지내 (중동),34.935842,127.694589,nominatim
229,어린이집,희망찬특수어린이집,광양,전라남도 광양시 광양읍 유당로 228,34.9403,127.6959,approx-city
230,어린이집,여수사임당어린이집,여수,전남광주 여수시 관문서2길 9-1,34.752,127.662,approx-city
231,어린이집,참솔어린이집,여수,"전남광주 여수시 쌍봉로 316 110동 102호(둔덕동, 한려주공)",34.764556,127.676557,nominatim
232,어린이집,EQIQ어린이집,여수,전남광주 여수시 문수7길 24 (문수동),34.755364,127.694982,nominatim
233,어린이집,동화나라어린이집,여수,전남광주 여수시 양지2길 9 동화나라어린이집,34.77109,127.703033,nominatim
234,어린이집,찬양어린이집,여수,전남광주 여수시 미평남4길 11-2 (미평동),34.763813,127.703741,nominatim
235,어린이집,미지어린이집,여수,전남광주 여수시 신기북3길 43-14,34.763754,127.674345,nominatim
236,어린이집,시전사임당어린이집,여수,"전남광주 여수시 여천체육공원길 23 102동 106호(시전동, 우미)",34.758888,127.677754,nominatim
237,어린이집,초코어린이집,여수,"전남광주 여수시 선소로 72-13 301동 104호(신기동, 부영아파트)",34.757638,127.66814,nominatim
238,어린이집,꿈많은어린이집,여수,전남광주 여수시 장성3길 44 (안산동),34.75365,127.654926,nominatim
239,어린이집,꿈사랑어린이집,여수,전남광주 여수시 소호6길 15-7 (소호동),34.74018,127.649515,nominatim
240,어린이집,사랑가득어린이집,여수,"전남광주 여수시 도원로 204 501동 103호(안산동, 부영5차아파트)",34.760973,127.657079,nominatim
241,어린이집,엄마랑어린이집,여수,"전남광주 여수시 쌍봉로 32 108동 103호(학동, 신동아파밀리에)",34.766481,127.656933,nominatim
242,어린이집,초록나무어린이집,여수,"전남광주 여수시 무선로 50 116동 102호(학동, 신동아파밀리에)",34.78072,127.646515,nominatim
243,어린이집,한나 어린이집,여수,"전남광주 여수시 안산1길 136 105동 109호(안산동, 모아미래도)",34.759016,127.650587,nominatim
244,어린이집,해피하우스어린이집,여수,"전남광주 여수시 도원로 204 506동 101호(안산동, 부영5차아파트)",34.760973,127.657079,nominatim
245,어린이집,오뚜기어린이집,여수,전남광주 여수시 여서동6길 8 (여서동),34.750295,127.708942,nominatim
246,어린이집,예솜어린이집,여수,"전남광주 여수시 봉계대곡길 50 106동 104호(봉계동,아주타운)",34.781547,127.685,nominatim
247,어린이집,해들어린이집,여수,"전남광주 여수시 좌수영로 682-34 104동 102호(봉계동, 로얄골드빌)",34.775849,127.694379,nominatim
248,어린이집,동국어린이집,여수,전남광주 여수시 충무로 87 충무맨션 상가 2층 동국 어린이집,34.739978,127.731413,nominatim
249,어린이집,남면어린이집,여수,전남광주 여수시 금오로 860,34.52767,127.76934,nominatim
250,어린이집,청솔어린이집,여수,전남광주 여수시 강남1길 50 여수 돌산1차 청솔아파트 청솔어린이집,34.720227,127.749295,nominatim
251,어린이집,묘도어린이집,여수,전남광주 여수시 묘도1길 64 묘도어린이집,34.874033,127.711634,nominatim
252,어린이집,대성베르힐어린이집,여수,전남광주 여수시 여문2로 128-38 대성베르힐 관리동,34.753073,127.693316,nominatim
253,어린이집,미평하나어린이집,여수,전남광주 여수시 좌수영로 369-3 (미평동),34.765839,127.703231,nominatim
254,어린이집,삼산어린이집,여수,전남광주 여수시 삼산면 덕흥1길 29,34.752,127.662,approx-city
255,어린이집,죽림1단지어린이집,여수,전남광주 여수시 덕양로 97-9 죽림휴먼시아 1단지내 죽림1단지어린이집,34.797948,127.630857,nominatim
256,어린이집,죽림2단지어린이집,여수,전남광주 여수시 죽림로 38 죽림휴먼시아2단지내 죽림2단지어린이집,34.763031,127.639771,nominatim
257,어린이집,중흥보듬이나눔이어린이집,여수,전남광주 여수시 소라면 죽림3길 10 중흥보듬이나눔이어린이집,34.763917,127.637696,nominatim
258,어린이집,힐스테이트죽림젠트리스어린이집,여수,전남광주 여수시 덕양로 21-18,34.766752,127.636184,nominatim
259,어린이집,웅천더힐1단지어린이집,여수,전남광주 여수시 웅천로 262 웅천더힐1단지 내,34.749233,127.678132,nominatim
260,어린이집,웅천어린이집,여수,전남광주 여수시 웅천중앙로 54,34.747282,127.677007,nominatim
261,어린이집,웅천포레나1단지어린이집,여수,"전남광주 여수시 웅천남8로 24 (웅천동, 여수웅천포레나1단지 관리동)",34.73931,127.680604,nominatim
262,어린이집,웅천포레나2단지어린이집,여수,"전남광주 여수시 웅천남8로 23 (웅천동, 여수웅천포레나2단지 관리동 내))",34.73931,127.680604,nominatim
263,어린이집,e편한세상여수더퍼스트어린이집,여수,전남광주 여수시 학동북4길 7,34.768063,127.659733,nominatim
264,어린이집,쌍봉어린이집,여수,전남광주 여수시 안산1길 181 (안산동),34.752568,127.65188,nominatim
265,어린이집,안산어린이집,여수,전남광주 여수시 장성3길 30,34.75365,127.654926,nominatim
266,어린이집,여서어린이집,여수,전남광주 여수시 대치1길 26-3,34.747515,127.700533,nominatim
267,어린이집,꿈모아어린이집,여수,전남광주 여수시 성산6길 47-10,34.77314,127.641813,nominatim
268,어린이집,여천어린이집,여수,전남광주 여수시 무선1길 8 (선원동),34.771102,127.654229,nominatim
269,어린이집,봉계어린이집,여수,"전남광주 여수시 좌수영로 682-34 101동 105호(봉계동,로얄골드빌)",34.775849,127.694379,nominatim
270,어린이집,연등어린이집,여수,전남광주 여수시 연등6길 54 (연등동),34.755398,127.727448,nominatim
271,어린이집,수정어린이집,여수,전남광주 여수시 수정2길 11 (수정동),34.744874,127.747411,nominatim
272,어린이집,나진어린이집,여수,전남광주 여수시 화양면 나진길 16-26 여수시립나진어린이집,34.708047,127.6105,nominatim
273,어린이집,화정어린이집,여수,전남광주 여수시 화정면 신흥길 32-11,34.752,127.662,approx-city
274,어린이집,해오름어린이집,여수,전남광주 여수시 돌산읍 강남10길 18-20,34.752,127.662,approx-city
275,어린이집,그리스도어린이집,여수,전남광주 여수시 둔덕1길 16 (둔덕동),34.765576,127.702495,nominatim
276,어린이집,도담어린이집,여수,전남광주 여수시 상암로 16,34.835766,127.739951,nominatim
277,어린이집,라온어린이집,여수,"전남광주 여수시 용수길 2-9 (둔덕동, 라온어린이집)",34.784969,127.697673,nominatim
278,어린이집,한려어린이집,여수,전남광주 여수시 쌍봉로 316 한려아파트내 (한려어린이집),34.764556,127.676557,nominatim
279,어린이집,시티어린이집,여수,"전남광주 여수시 덕충안길 84 204동 1층(덕충동,시티프라디움2단지)",34.75282,127.747379,nominatim
280,어린이집,초록빛어린이집,여수,"전남광주 여수시 박람회길 61 덕충동, 엑스포힐스테이트 1단지내",34.751685,127.744062,nominatim
281,어린이집,사과나무어린이집,여수,전남광주 여수시 허문정1길 39 (문수동),34.750184,127.694425,nominatim
282,어린이집,안데르센어린이집,여수,전남광주 여수시 여문2로 53-4,34.753073,127.693316,nominatim
283,어린이집,양우내안애어린이집,여수,전남광주 여수시 소라면 도원로 80 (죽림 양우내안애),34.760959,127.652972,nominatim
284,어린이집,여수죽림1차부영사랑으로어린이집,여수,전남광주 여수시 소라면 죽림로 10 (죽림부영1단지내 보육시설),34.763031,127.639771,nominatim
285,어린이집,여수죽림2차부영사랑으로어린이집,여수,전남광주 여수시 소라면 덕양로 114 (죽림부영2차내),34.772829,127.638129,nominatim
286,어린이집,고우나어린이집,여수,전남광주 여수시 시전4길 9 (신기동),34.759965,127.672825,nominatim
287,어린이집,더테라스어린이집,여수,전남광주 여수시 웅천남1로 99,34.741588,127.678952,nominatim
288,어린이집,로제비앙어린이집,여수,전남광주 여수시 신기북7길 30 대광로제비앙샌텀29 관리동,34.763478,127.677089,nominatim
289,어린이집,민들레어린이집,여수,"전남광주 여수시 웅천중앙로 33 (웅천동, 웅천지웰2차)",34.747282,127.677007,nominatim
290,어린이집,여수웅천1차부영사랑으로어린이집,여수,"전남광주 여수시 웅천로 189 웅천동, 여수웅천 부영1차아파트",34.740618,127.678494,nominatim
291,어린이집,여수웅천2차부영사랑으로어린이집,여수,"전남광주 여수시 웅천로 261 웅천동, 여수웅천 부영2차아파트",34.742196,127.687231,nominatim
292,어린이집,여수웅천3차부영사랑으로어린이집,여수,전남광주 여수시 웅천로 291 웅천 부영3차,34.742196,127.687231,nominatim
293,어린이집,예울어린이집,여수,전남광주 여수시 예울마루로 30 107동 1층,34.744345,127.662963,nominatim
294,어린이집,웅천포레스트1단지부영사랑으로어린이집,여수,전남광주 여수시 웅천로 292 웅천포레스트부영1단지,34.749233,127.678132,nominatim
295,어린이집,웅천포레스트2단지부영사랑으로 어린이집,여수,전남광주 여수시 여서로 55 웅천포레스트 2단지,34.750481,127.710265,nominatim
296,어린이집,지웰 꿈꾸는어린이집,여수,전남광주 여수시 예울마루로 30 (웅천지웰아파트),34.744345,127.662963,nominatim
297,어린이집,지웰3단지 어린이집,여수,전남광주 여수시 웅천중앙로 47 웅천 지웰3단지 내,34.747282,127.677007,nominatim
298,어린이집,개구쟁이어린이집,여수,전남광주 여수시 장성2길 41 (안산동),34.755264,127.655895,nominatim
299,어린이집,더조은어린이집,여수,전남광주 여수시 소호5길 39 주은금호 3차,34.744486,127.650901,nominatim
300,어린이집,신동아파밀리에어린이집,여수,전남광주 여수시 무선로 50 신동아파밀리에 단지 내,34.78072,127.646515,nominatim
301,어린이집,참예쁜어린이집,여수,전남광주 여수시 소호6길 11 (소호동),34.741331,127.64777,nominatim
302,어린이집,다솜어린이집,여수,전남광주 여수시 대치1길 82-1,34.748258,127.700703,nominatim
303,어린이집,배울학어린이집,여수,전남광주 여수시 여서동4길 6 (여서동),34.752244,127.709541,nominatim
304,어린이집,리틀세화어린이집,여수,전남광주 여수시 선원7길 52 (선원동),34.761574,127.649345,nominatim
305,어린이집,이좋은어린이집,여수,전남광주 여수시 덕양로 157 무선주공아파트 관리소 1층 (화장동),34.766752,127.636184,nominatim
306,어린이집,지에이그린웰어린이집,여수,전남광주 여수시 신월3길 18-5 지에이그린웰어린이집 관리동,34.752,127.662,approx-city
307,어린이집,로얄어린이집,여수,전남광주 여수시 좌수영로 682-34 로얄아파트 관리동,34.775849,127.694379,nominatim
308,어린이집,주사랑어린이집,여수,전남광주 여수시 고소3길 114 (고소동),34.73997,127.743731,nominatim
309,어린이집,여천제일어린이집,여수,전남광주 여수시 학동서4길 58-20,34.763714,127.658236,nominatim
310,어린이집,꽃동산어린이집,여수,전남광주 여수시 신월로 533 (신월동),34.745537,127.68358,nominatim
311,어린이집,아가방어린이집,여수,전남광주 여수시 장군산길 63 (오림동),34.756276,127.715576,nominatim
312,어린이집,샘터특수어린이집,여수,전남광주 여수시 대교로 61 (봉산동),34.731893,127.728172,nominatim
313,어린이집,샬롬어린이집,여수,전남광주 여수시 만성로 337 (만흥동),34.774089,127.73029,nominatim
314,어린이집,홍익어린이집,여수,전남광주 여수시 충민사길 31 (덕충동),34.75702,127.731899,nominatim
315,어린이집,고려어린이집,여수,"전남광주 여수시 문수북6길 35-1 35,33-2(문수동)",34.760706,127.706407,nominatim
316,어린이집,베타니아생태어린이집,여수,전남광주 여수시 문수7길 26-12,34.755364,127.694982,nominatim
317,어린이집,꽃들어린이집,여수,전남광주 여수시 소정길 30 (미평동),34.76145,127.709026,nominatim
318,어린이집,꿈미래재롱이어린이집,여수,전남광주 여수시 봉강서1길 33 (봉강동),34.740274,127.722847,nominatim
319,어린이집,소라어린이집,여수,전남광주 여수시 소라면 조산로 286,34.775247,127.613175,nominatim
320,어린이집,천우어린이집,여수,전남광주 여수시 신기남3길 11 (신기동),34.760327,127.671391,nominatim
321,어린이집,이화어린이집,여수,전남광주 여수시 장성2길 19 (안산동),34.755264,127.655895,nominatim
322,어린이집,참사랑어린이집,여수,전남광주 여수시 여서로 226-3 (여서동),34.748605,127.692241,nominatim
323,어린이집,한빛어린이집,여수,전남광주 여수시 대치1길 26-6,34.747515,127.700533,nominatim
324,어린이집,중앙어린이집,여수,전남광주 여수시 성산4길 9-6 (화장동),34.776844,127.647077,nominatim
325,어린이집,리라어린이집,여수,전남광주 여수시 신월로 561-6 (신월동),34.755813,127.674652,nominatim
326,어린이집,꿈동산어린이집,여수,전남광주 여수시 율촌면 동산개길 19-3,34.752,127.662,approx-city
327,어린이집,롯데케미칼 첨단소재 여수mom편한 어린이집,여수,"전남광주 여수시 새터로 6 신기동, 롯데첨단소재 사택 내",34.762163,127.67429,nominatim
328,어린이집,DL케미칼여수한숲어린이집,여수,전남광주 여수시 시청로 5 DL케미칼 1사택 내 복지시설 1층,34.768804,127.663445,nominatim
329,어린이집,GS칼텍스 지예슬어린이집,여수,전남광주 여수시 소호로 449 GS칼텍스 쌍봉사택,34.73251,127.646277,nominatim
330,어린이집,LG여수어린이집,여수,"전남광주 여수시 소호로 619 (소호동, 엘지화학사택내)",34.724202,127.639612,nominatim
331,어린이집,여수시청직장어린이집,여수,"전남광주 여수시 시청동1길 30 (학동, 여수시청직장어린이집)",34.758662,127.663059,nominatim
332,어린이집,한화솔루션 여천NCC공동어린이집,여수,"전남광주 여수시 소호로 513 (소호동, 한화케미칼 사택)",34.73251,127.646277,nominatim
333,어린이집,여수경찰서어린이집,여수,전남광주 여수시 여서동5길 21,34.75139,127.708771,nominatim
334,어린이집,롯데케미칼 mom편한 어린이집,여수,"전남광주 여수시 무선로 27 선원동, 롯데케미칼 사택 내",34.78072,127.646515,nominatim
335,어린이집,한화여수 어린이집,여수,전남광주 여수시 신월8길 35-8 (신월동),34.752,127.662,approx-city
336,어린이집,풍덕어린이집,순천,전라남도 순천시 역전광장3길 15 (풍덕동),34.944655,127.501192,nominatim
337,어린이집,영현어린이집,순천,전라남도 순천시 별량면 봉덕1길 27,34.9506,127.4872,approx-city
338,어린이집,연향어린이집,순천,전라남도 순천시 연향2로 60 (연향동),34.947973,127.519473,nominatim
339,어린이집,강청어린이집,순천,전라남도 순천시 서면 강청길 134,34.9506,127.4872,approx-city
340,어린이집,저전보듬이나눔이어린이집,순천,전라남도 순천시 정충사길 5 (저전동),34.948315,127.481987,nominatim
341,어린이집,보배어린이집,순천,"전라남도 순천시 연향2로 55 (연향동, 대우아파트) 관리동",34.948288,127.521091,nominatim
342,어린이집,선양어린이집,순천,전라남도 순천시 덕월1길 34 (덕월동),34.9506,127.4872,approx-city
343,어린이집,서영어린이집,순천,전라남도 순천시 두지길 16 (조례동),34.9506,127.4872,approx-city
344,어린이집,남순천어린이집,순천,전라남도 순천시 산행길 13 (옥천동),34.9506,127.4872,approx-city
345,어린이집,우석어린이집,순천,전라남도 순천시 서면 선평길 11,34.9506,127.4872,approx-city
346,어린이집,도레미어린이집,순천,전라남도 순천시 봉화2길 139 (조례동),34.969375,127.520381,nominatim
347,어린이집,봉화어린이집,순천,전라남도 순천시 업동2길 33 (용당동),34.97267,127.494265,nominatim
348,어린이집,동부어린이집,순천,전라남도 순천시 동문외2길 15 (동외동),34.9506,127.4872,approx-city
349,어린이집,현대어린이집,순천,전라남도 순천시 가곡길 82-11 (가곡동),34.97784,127.48051,nominatim
350,어린이집,성가롤로병원어린이집,순천,전라남도 순천시 순광로 221,34.964259,127.543101,nominatim
351,어린이집,가곡어린이집,순천,전라남도 순천시 서면 선평길 25,34.9506,127.4872,approx-city
352,어린이집,삐아제어린이집,순천,전라남도 순천시 덕암삼거리길 48 (덕암동),34.9506,127.4872,approx-city
353,어린이집,송죽원어린이집,순천,전라남도 순천시 상대석길 103 (연향동),34.949602,127.527869,nominatim
354,어린이집,수정어린이집,순천,전라남도 순천시 해룡면 좌야로 135 604동 102호(중흥에스-클래스 6단지 메가타운),34.936991,127.546016,nominatim
355,어린이집,피노키오어린이집,순천,전라남도 순천시 덕암2길 40 (연향동),34.9506,127.4872,approx-city
356,어린이집,예사랑어린이집,순천,전라남도 순천시 기적의도서관길 90 (부영3차아파트) 관리동,34.948087,127.525623,nominatim
357,어린이집,예슬아어린이집,순천,"전라남도 순천시 지봉로 485 (조례동, 대주아파트) 관리동",34.931482,127.540945,nominatim
358,어린이집,코끼리어린이집,순천,전라남도 순천시 복성길 9 (해룡면),34.9506,127.4872,approx-city
359,어린이집,하나둘셋어린이집,순천,전라남도 순천시 상성길 274 (해룡면),34.927753,127.543349,nominatim
360,어린이집,예쁜어린이집,순천,"전라남도 순천시 연향번영길 94 (연향동, 연향동 동성아파트) 관리동",34.950417,127.518011,nominatim
361,어린이집,대광새싹어린이집,순천,전라남도 순천시 해룡면 연향로 166 (대광로제비앙-센트럴) 관리동,34.943026,127.523691,nominatim
362,어린이집,삼성프렌즈어린이집,순천,"전라남도 순천시 삼산로 135-5 (용당동, 삼성아파트) 관리동",34.982883,127.502711,nominatim
363,어린이집,파란나라어린이집,순천,"전라남도 순천시 조례연동길 5 (조례동, 순천조례3차 대주파크빌) 관리동",34.9506,127.4872,approx-city
364,어린이집,평안어린이집,순천,전라남도 순천시 삼산로 92-23 (용당동),34.982883,127.502711,nominatim
365,어린이집,아이꿈터어린이집,순천,전라남도 순천시 신흥중1길 13 (해룡면),34.950387,127.526285,nominatim
366,어린이집,아림킨더하우스어린이집,순천,전라남도 순천시 왕지로 153 (왕지동),34.9506,127.4872,approx-city
367,어린이집,금당제일어린이집,순천,전라남도 순천시 순광로 177 (조례동),34.955051,127.5236,nominatim
368,어린이집,천사어린이집,순천,"전라남도 순천시 봉화2길 116 (조례동, 조례주공7단지아파트) 관리동",34.962045,127.519808,nominatim
369,어린이집,배들어린이집,순천,전라남도 순천시 배들이길 17 (선평배들마을아파트) 관리동,34.98894,127.496933,nominatim
370,어린이집,아이키움어린이집,순천,"전라남도 순천시 안산길 5 (연향동, 호반리젠시빌1차아파트) 관리동",34.939128,127.527079,nominatim
371,어린이집,샛별어린이집,순천,전라남도 순천시 석현길 63 (석현동),34.974252,127.474756,nominatim
372,어린이집,은현어린이집,순천,전라남도 순천시 수박등3길 52 (생목동),34.9506,127.4872,approx-city
373,어린이집,꿈의땅어린이집,순천,전라남도 순천시 이수1길 35-24 (생목동),34.948068,127.505729,nominatim
374,어린이집,슬기별어린이집,순천,전라남도 순천시 용당초등길 33-27 (용당동),34.9506,127.4872,approx-city
375,어린이집,꿈동산몬테소리어린이집,순천,전라남도 순천시 팔마로 269 (연향동),34.93535,127.516306,nominatim
376,어린이집,동글동글어린이집,순천,전라남도 순천시 소안길 48 (해룡면),34.9506,127.4872,approx-city
377,어린이집,해바라기어린이집,순천,전라남도 순천시 송정길 36-55 (조례동),34.959985,127.513993,nominatim
378,어린이집,연향삐아제어린이집,순천,전라남도 순천시 율산길 37-13 (연향동),34.939526,127.534436,nominatim
379,어린이집,이솝어린이집,순천,전라남도 순천시 연동남1길 31 (조례동),34.956759,127.533549,nominatim
380,어린이집,한샘어린이집,순천,"전라남도 순천시 덕월길 22 102동 106호(덕월동, 우성아파트)",34.9506,127.4872,approx-city
381,어린이집,아기천사어린이집,순천,전라남도 순천시 장선배기길 90 (조례동),34.95188,127.528995,nominatim
382,어린이집,아이꿈어린이집,순천,"전라남도 순천시 연동남길 24 109동 105호(조례동, 연동대주파크빌1차아파트)",34.956054,127.534334,nominatim
383,어린이집,샬롬비테에어린이집,순천,전라남도 순천시 해룡면 신대로 66 218동 102호(중흥에스-클래스2단지),34.932239,127.548395,nominatim
384,어린이집,아해뜰어린이집,순천,전라남도 순천시 도장길 31 (연향동),34.939197,127.527593,nominatim
385,어린이집,ing몬테소리어린이집,순천,"전라남도 순천시 봉화2길 128 205동 105호(조례동, 대림2차아파트)",34.961889,127.51812,nominatim
386,어린이집,어깨동무어린이집,순천,"전라남도 순천시 조례연동길 5 310동 105호(조례동, 순천조례3차 대주파크빌)",34.9506,127.4872,approx-city
387,어린이집,꼬마또래어린이집,순천,"전라남도 순천시 연향1로 40 105동 102호(연향동, 금호아파트)",34.944896,127.517112,nominatim
388,어린이집,신원어린이집,순천,"전라남도 순천시 지봉로 372-5 101동 103호 (해룡면, 신원아르시스)",34.931482,127.540945,nominatim
389,어린이집,청암어린이집,순천,"전라남도 순천시 백연길 105 201동 107호(조례동, 연동대주파크빌아파트)",34.95339,127.533159,nominatim
390,어린이집,새나라어린이집,순천,"전라남도 순천시 생목길 1 (생목동, 벽산아파트) 관리동",34.9506,127.4872,approx-city
391,어린이집,새꿈어린이집,순천,전라남도 순천시 해룡면 신대로 66 210동 101호(중흥에스-클래스2단지),34.932239,127.548395,nominatim
392,어린이집,코아루어린이집,순천,"전라남도 순천시 안산길 50 103동 101호(연향동, 코아루아파트)",34.936087,127.527347,nominatim
393,어린이집,동화나라어린이집,순천,전라남도 순천시 상대석길 13 902동 108호(부영9차아파트),34.94976,127.531482,nominatim
394,어린이집,참사랑어린이집,순천,"전라남도 순천시 오천4길 21 104동 103호(풍덕동, 골드클레스)",34.932717,127.495154,nominatim
395,어린이집,대주파크어린이집,순천,"전라남도 순천시 조례연동길 5 310동 103호(조례동, 연동대주파크빌3차아파트)",34.9506,127.4872,approx-city
396,어린이집,리틀영재어린이집,순천,전라남도 순천시 해룡면 좌야로 135 614동 103호(중흥에스-클래스 6단지 메가타운),34.936991,127.546016,nominatim
397,어린이집,뽀로롱어린이집,순천,전라남도 순천시 율산공원길 16 (연향동),34.939308,127.524064,nominatim
398,어린이집,사과나무어린이집,순천,전라남도 순천시 해룡면 좌야로 159-14 912동 102호(중흥에듀힐스9단지),34.930229,127.551023,nominatim
399,어린이집,키즈fun칼리지어린이집,순천,전라남도 순천시 동명초등길 13 (해룡면),34.948361,127.527356,nominatim
400,어린이집,순천제일대학교보육교사교육원부설어린이집,순천,전라남도 순천시 제일대학길 17 (덕월동) 순천제일대학교,34.934014,127.486289,nominatim
401,어린이집,한솔어린이집,순천,전라남도 순천시 해룡면 신대로 96 315-103(중흥에스-클래스3단지),34.935827,127.549614,nominatim
402,어린이집,더조은어린이집,순천,"전라남도 순천시 팔마4길 40 106동 104호(연향동, 세영더조은아파트)",34.934272,127.515133,nominatim
403,어린이집,여이레몬테소리어린이집,순천,"전라남도 순천시 조례연동길 5 311동 106호(조례동, 순천조례 대주파크빌)",34.9506,127.4872,approx-city
404,어린이집,프뢰벨어린이집,순천,"전라남도 순천시 가곡길 30 101동 104호(가곡동, 신영아파트)",34.97784,127.48051,nominatim
405,어린이집,킨더스쿨어린이집,순천,"전라남도 순천시 연향중앙상가길 41 202동 104호(연향동, 연향2단지 현대아파트)",34.952069,127.519563,nominatim
406,어린이집,꼬마영재어린이집,순천,"전라남도 순천시 왕궁길 95 106동 102호(조례동, 왕지송촌프라임아파트)",34.956131,127.53173,nominatim
407,어린이집,하늘아이어린이집,순천,"전라남도 순천시 왕궁길 55 102동 101호 (조례동,왕지아파트)",34.956131,127.53173,nominatim
408,어린이집,아띠어린이집,순천,전라남도 순천시 율산공원길 97 (연향동),34.939308,127.524064,nominatim
409,어린이집,송촌하늘아이어린이집,순천,전라남도 순천시 왕궁길 95 106동 103호(왕지송촌프라임아파트),34.956131,127.53173,nominatim
410,어린이집,숲속어린이집,순천,전라남도 순천시 충숙길 42 (용당동),34.9506,127.4872,approx-city
411,어린이집,청아어린이집,순천,전라남도 순천시 해룡면 좌야로 135 607동 101호(중흥에스-클래스6단지메가타운),34.936991,127.546016,nominatim
412,어린이집,으뜸어린이집,순천,전라남도 순천시 비봉길 21 (조례동),34.9506,127.4872,approx-city
413,어린이집,햇빛어린이집,순천,"전라남도 순천시 대석길 98 202동 105호(해룡면, 청솔아파트)",34.946059,127.531157,nominatim
414,어린이집,키즈비전어린이집,순천,전라남도 순천시 해룡면 좌야로 135 601동 102호(중흥에스-클래스 6단지 메가타운),34.936991,127.546016,nominatim
415,어린이집,우주어린이집,순천,"전라남도 순천시 비봉2길 22 (조례동, 시대아파트) 관리동",34.972508,127.520984,nominatim
416,어린이집,뽀뽀어린이집,순천,"전라남도 순천시 장선배기길 55 103동 105호(조례동, 동신1차아파트)",34.95188,127.528995,nominatim
417,어린이집,꿈꾸는어린이집,순천,"전라남도 순천시 연향중앙상가길 56 104동 108호(연향동, 동부아파트)",34.952069,127.519563,nominatim
418,어린이집,오렌지어린이집,순천,전라남도 순천시 대석초등길 69 (연향동),34.944454,127.52606,nominatim
419,어린이집,아름다운어린이집,순천,전라남도 순천시 덕암1길 8 (덕암동),34.9506,127.4872,approx-city
420,어린이집,꿈나무어린이집,순천,전라남도 순천시 해룡면 신대로 97 506-105(신대중흥s클래스5단지),34.932809,127.548074,nominatim
421,어린이집,한빛어린이집,순천,전라남도 순천시 오리정3길 64 (석현동),34.972879,127.484222,nominatim
422,어린이집,엄마품어린이집,순천,전라남도 순천시 해룡면 신대로 96 308동 102호(중흥에스-클래스3단지),34.935827,127.549614,nominatim
423,어린이집,꼬마화가어린이집,순천,전라남도 순천시 삼동안길 33 (해룡면),34.9506,127.4872,approx-city
424,어린이집,낙안어린이집,순천,전라남도 순천시 낙안면 민속마을길 1690,34.908048,127.346202,nominatim
425,어린이집,아이숲어린이집,순천,전라남도 순천시 해룡면 기적의도서관길 90 305동 103호(부영3차아파트),34.947571,127.529587,nominatim
426,어린이집,승주어린이집,순천,전라남도 순천시 승주읍 승평길 15,34.9506,127.4872,approx-city
427,어린이집,꿈나래어린이집,순천,"전라남도 순천시 연향1로 40 3동 106호(연향동, 금호아파트)",34.944896,127.517112,nominatim
428,어린이집,오즈어린이집,순천,"전라남도 순천시 조례1길 9 107동 101호(조례동, 금호아파트)",34.9506,127.4872,approx-city
429,어린이집,휴튼어린이집,순천,"전라남도 순천시 조례1길 60 (조례동, 남양휴튼) 관리동",34.9506,127.4872,approx-city
430,어린이집,삼산어린이집,순천,"전라남도 순천시 삼산로 103-13 109동 101호(용당동, 현대아파트)",34.982883,127.502711,nominatim
431,어린이집,온누리어린이집,순천,"전라남도 순천시 봉화1길 146 902동104호(조례동, 봉화그린빌아파트)",34.962029,127.514713,nominatim
432,어린이집,태양어린이집,순천,"전라남도 순천시 장선배기길 63 201동 105호(조례동, 중흥2차아파트)",34.954318,127.530034,nominatim
433,어린이집,대주하늘꿈어린이집,순천,"전라남도 순천시 기적의도서관2길 35 105동 103호(연향동, 대주파크빌아파트)",34.944584,127.527072,nominatim
434,어린이집,색깔나라어린이집,순천,"전라남도 순천시 연향2로 56 102동 108호(연향동, 우미아파트)",34.947973,127.519473,nominatim
435,어린이집,동부종합복지관 어린이집,순천,전라남도 순천시 장선배기길 18 (조례동),34.953995,127.526553,nominatim
436,어린이집,라움어린이집,순천,"전라남도 순천시 왕지3길 60 (왕지동, 롯데캐슬아파트) 관리동",34.97499,127.526697,nominatim
437,어린이집,가곡참샘어린이집,순천,"전라남도 순천시 고지1길 57 (가곡동, 참샘마을휴먼시아) 관리동",34.983885,127.482996,nominatim
438,어린이집,동그라미유아스쿨어린이집,순천,"전라남도 순천시 장선배기길 77 (조례동,부영5차아파트) 관리동",34.953299,127.530838,nominatim
439,어린이집,두산위브어린이집,순천,"전라남도 순천시 왕지3길 55 (왕지동, 순천두산위브1단지아파트) 관리동",34.973918,127.526002,nominatim
440,어린이집,아이조아어린이집,순천,"전라남도 순천시 왕지5길 9-26 (왕지동, 순천두산위브2단지아파트) 관리동",34.97145,127.528202,nominatim
441,어린이집,라송어린이집,순천,"전라남도 순천시 강청길 82 (서면, 라송 센트럴카운티) 관리동",34.987966,127.504418,nominatim
442,어린이집,현대키즈어린이집,순천,"전라남도 순천시 연향중앙상가길 80 106동 104호(연향동, 현대1차아파트)",34.952069,127.519563,nominatim
443,어린이집,정다운어린이집,순천,전라남도 순천시 봉화로 231 (조례동),34.95817,127.516233,nominatim
444,어린이집,너랑나랑어린이집,순천,전라남도 순천시 해룡면 좌야로 101 101동 105호(중흥에스-클래스1단지아파트),34.931893,127.545512,nominatim
445,어린이집,아기별어린이집,순천,"전라남도 순천시 왕지3길 60 102동 102호(왕지동, 롯데캐슬아파트)",34.97499,127.526697,nominatim
446,어린이집,키즈러브어린이집,순천,전라남도 순천시 해룡면 좌야로 101 104동 101호 (중흥에스-클래스1단지아파트),34.931893,127.545512,nominatim
447,어린이집,꼬마친구어린이집,순천,전라남도 순천시 서면 강청길 82 106동 103호 (순천 라송 센트럴카운티),34.9506,127.4872,approx-city
448,어린이집,대주키즈맘어린이집,순천,"전라남도 순천시 조례연동길 5 312동 102호(조례동, 순천조례3차대주파크빌)",34.9506,127.4872,approx-city
449,어린이집,청미래어린이집,순천,"전라남도 순천시 호현1길 26 302동 102호 (덕월동, 청미래아파트)",34.9506,127.4872,approx-city
450,어린이집,아이꽃어린이집,순천,전라남도 순천시 해룡면 좌야로 101 (중흥에스-클래스1단지) 관리동(108동 1층),34.931893,127.545512,nominatim
451,어린이집,코레일순천어린이집,순천,전라남도 순천시 율전1길 12,34.950293,127.497062,nominatim
452,어린이집,신대참이어린이집,순천,전라남도 순천시 해룡면 신대로 66 (중흥에스-클래스2단지) 관리동,34.932239,127.548395,nominatim
453,어린이집,신대어린이집,순천,전라남도 순천시 해룡면 매안4길 34,34.930872,127.554174,nominatim
454,어린이집,아이유어린이집,순천,전라남도 순천시 해룡면 신대로 97 (중흥에스-클래스5단지) 관리동,34.932809,127.548074,nominatim
455,어린이집,온새미로어린이집,순천,전라남도 순천시 해룡면 신대로 96 (중흥에스-클래스3단지) 관리동,34.935827,127.549614,nominatim
456,어린이집,수피아어린이집,순천,"전라남도 순천시 삼산로 92-50 (용당동, 용당피오레)",34.982883,127.502711,nominatim
457,어린이집,송보이든어린이집,순천,"전라남도 순천시 구암3길 22 (연향동, 송보파인빌아파트) 관리동",34.9506,127.4872,approx-city
458,어린이집,로제비앙어린이집,순천,전라남도 순천시 해룡면 백연길 105-7 (대광로제비앙),34.951696,127.534126,nominatim
459,어린이집,엘리시아어린이집,순천,"전라남도 순천시 오천8길 15 (오천동, 호반베르디움아파트)관리동(106동 1층)",34.936903,127.493256,nominatim
460,어린이집,엘리시아어린이집,순천,"전라남도 순천시 오천8길 15 (오천동, 호반베르디움아파트)관리동(106동 1층)",34.936903,127.493256,nominatim
461,어린이집,하늘숲어린이집,순천,전라남도 순천시 해룡면 좌야로 135 중흥에스-클래스 6단지 메가타운) 관리동,34.936991,127.546016,nominatim
462,어린이집,오천보듬이나눔이어린이집,순천,전라남도 순천시 풍덕새길 37 (풍덕동),34.939225,127.497452,nominatim
463,어린이집,골드클래스어린이집,순천,"전라남도 순천시 오천4길 21 (오천동, 골드클래스)",34.932717,127.495154,nominatim
464,어린이집,골드클래스어린이집,순천,"전라남도 순천시 오천4길 21 (오천동, 골드클래스)",34.932717,127.495154,nominatim
465,어린이집,신대푸르니어린이집,순천,전라남도 순천시 매안로 162 (신대행정복합시설),34.936621,127.548189,nominatim
466,어린이집,순천대학교어린이집,순천,전라남도 순천시 중앙로 255,34.970385,127.477495,nominatim
467,어린이집,진아리채어린이집,순천,"전라남도 순천시 오천1길 20 (오천동, 진아리채파크원) 관리동",34.931619,127.498103,nominatim
468,어린이집,오천부영사랑으로 어린이집,순천,"전라남도 순천시 오천7길 12 (오천동, 순천오천사랑으로부영아파트) 관리동",34.935404,127.494628,nominatim
469,어린이집,순천시청직장어린이집,순천,전라남도 순천시 장천안길 8,34.948154,127.489564,nominatim
470,어린이집,선평빛찬들어린이집,순천,전라남도 순천시 서면 선평동선길 36 선평빛찬들아파트,34.9506,127.4872,approx-city
471,어린이집,해다미어린이집,순천,전라남도 순천시 오천7길 11,34.934418,127.494782,nominatim
472,어린이집,신대중흥8차에코둥이어린이집,순천,전라남도 순천시 해룡면 신대로 147 (중흥에코시티8단지) 관리동,34.932239,127.548395,nominatim
473,어린이집,신대중흥7차에코누리어린이집,순천,전라남도 순천시 해룡면 좌야로 150 (중흥에코시티7단지) 관리동,34.936835,127.546086,nominatim
474,어린이집,덕진봄이어린이집,순천,"전라남도 순천시 용당삼산로 63 (용당동, 덕진 순천의 봄 아파트) 관리동",34.9506,127.4872,approx-city
475,어린이집,신대중흥9차에듀힐스어린이집,순천,전라남도 순천시 해룡면 좌야로 159-14 (중흥에듀힐스9단지) 관리동,34.930229,127.551023,nominatim
476,어린이집,용당아이편한어린이집,순천,"전라남도 순천시 용당삼산로 29 (용당동, e편한세상 순천 1단지) 관리동",34.9506,127.4872,approx-city
477,어린이집,신매곡어린이집,순천,"전라남도 순천시 삼산초등길 20 (매곡동, 신매곡 서한이다음) 관리동",34.965548,127.487223,nominatim
478,어린이집,신대중흥10차에듀하이어린이집,순천,전라남도 순천시 좌야로 179 (중흥에스-클래스에듀하이10단지) 관리동,34.939572,127.547496,nominatim
479,어린이집,현대제철순천어린이집,순천,전라남도 순천시 신대4길 4-55 (현대제철순천어린이집),34.933307,127.552,nominatim
480,어린이집,노리숲어린이집,순천,전라남도 순천시 기적의도서관길 95 우미1차 관리동 1층,34.948087,127.525623,nominatim
481,어린이집,해가빛어린이집,순천,전라남도 순천시 원가곡길 75 양우내안애 관리동,34.985323,127.482654,nominatim
482,어린이집,영무자연어린이집,순천,전라남도 순천시 장승길 27 관리동 1층,34.9506,127.4872,approx-city
483,어린이집,조이랜드어린이집,순천,전라남도 순천시 태봉길 31 골드클래스 시그니처 관리실 내,34.9506,127.4872,approx-city
484,어린이집,한신더휴어린이집,순천,전라남도 순천시 순광로 234-8 한신더휴아파트 단지내,34.955051,127.5236,nominatim
485,어린이집,아람어린이집,순천,전라남도 순천시 대석길 98 청솔2차아파트 관리동,34.946059,127.531157,nominatim
486,어린이집,신우직장어린이집,순천,전라남도 순천시 선창길 53-9,34.9506,127.4872,approx-city
487,어린이집,아하키즈어린이집,순천,전라남도 순천시 연향1로 40,34.944896,127.517112,nominatim
488,어린이집,금호어울림어린이집,순천,전라남도 순천시 강청새길 5,34.9506,127.4872,approx-city
489,어린이집,사랑모아어린이집,순천,전라남도 순천시 선평윗길 23 모아엘가리버파크,34.9506,127.4872,approx-city
490,어린이집,포레나어린이집,순천,전라남도 순천시 선평동선길 12,34.988945,127.501016,nominatim
491,어린이집,더어울림어린이집,순천,전라남도 순천시 선평강청큰길 81 금호어울림더파크2차 관리동 1층,34.9506,127.4872,approx-city
492,어린이집,조곡아이편한어린이집,순천,전라남도 순천시 둑실1길 45 순천어반타워 관리동,34.9506,127.4872,approx-city
493,어린이집,수자인어린이집,순천,전라남도 순천시 삼산로 173 관리동 1층,34.982883,127.502711,nominatim
494,어린이집,순천경찰서어린이집,순천,전라남도 순천시 조비길 2 순천경찰서 내,34.990266,127.459835,nominatim
495,어린이집,가곡대광어린이집,순천,전라남도 순천시 중앙로 530 가곡 대광로제비앙 리버팰리스 공동주택 104동 1층,34.975612,127.482184,nominatim
496,어린이집,트리마제1단지어린이집,순천,"전라남도 순천시 왕조로 55 (조례동, 트리마제순천1단지)",34.9506,127.4872,approx-city
497,어린이집,트리마제2단지어린이집,순천,"전라남도 순천시 왕조로 77 (조례동, 트리마제순천2단지)",34.9506,127.4872,approx-city
498,어린이집,오네뜨어린이집,순천,"전라남도 순천시 우명새길 25 (조례동, 순천오네뜨센트럴)",34.9506,127.4872,approx-city
499,어린이집,골드킹덤어린이집,순천,전라남도 순천시 봉화1길 83 조례골드클래스3차 308동 로비층,34.954578,127.51417,nominatim
