기준일자,전시ID,전시명,일일유료,일일무료,일일총인원,일일금액,누계유료,누계무료,누계총인원,누계금액,점유율
20240305,240305_01,어린이 미술전<파르르 파르르>,2,0,2,350400,2,0,2,350400,2.9
20240306,240305_01,어린이 미술전<파르르 파르르>,9,18,27,40000,11,18,29,390400,3.3
20240307,240305_01,어린이 미술전<파르르 파르르>,8,0,8,32000,19,18,37,422400,3.5
20240308,240305_01,어린이 미술전<파르르 파르르>,11,8,19,44000,30,26,56,466400,3.9
20240309,240305_01,어린이 미술전<파르르 파르르>,55,4,59,224000,85,30,115,690400,5.8
20240310,240305_01,어린이 미술전<파르르 파르르>,68,2,70,236000,153,32,185,926400,7.7
20240312,240305_01,어린이 미술전<파르르 파르르>,2,2,4,8000,155,34,189,934400,7.8
20240313,240305_01,어린이 미술전<파르르 파르르>,7,1,8,28000,162,35,197,962400,8
20240314,240305_01,어린이 미술전<파르르 파르르>,4,0,4,16000,166,35,201,978400,8.2
20240315,240305_01,어린이 미술전<파르르 파르르>,8,2,10,32000,174,37,211,1010400,8.4
20240316,240305_01,어린이 미술전<파르르 파르르>,72,2,74,248000,246,39,285,1258400,10.5
20240317,240305_01,어린이 미술전<파르르 파르르>,58,0,58,180000,304,39,343,1438400,12
20240319,240305_01,어린이 미술전<파르르 파르르>,5,1,6,28000,309,40,349,1466400,12.2
20240320,240305_01,어린이 미술전<파르르 파르르>,67,2,69,268000,376,42,418,1734400,14.5
20240321,240305_01,어린이 미술전<파르르 파르르>,6,1,7,24000,382,43,425,1758400,14.7
20240322,240305_01,어린이 미술전<파르르 파르르>,13,1,14,52000,395,44,439,1810400,15.1
20240323,240305_01,어린이 미술전<파르르 파르르>,93,8,101,372000,488,52,540,2182400,18.2
20240324,240305_01,어린이 미술전<파르르 파르르>,70,3,73,264000,558,55,613,2446400,20.4
20240326,240305_01,어린이 미술전<파르르 파르르>,4,1,5,16000,562,56,618,2462400,20.5
20240327,240305_01,어린이 미술전<파르르 파르르>,19,0,19,52000,581,56,637,2514400,21
20240328,240305_01,어린이 미술전<파르르 파르르>,0,0,0,28000,581,56,637,2542400,
20240329,240305_01,어린이 미술전<파르르 파르르>,43,5,48,156000,624,61,685,2698400,22.5
20240330,240305_01,어린이 미술전<파르르 파르르>,42,2,44,164000,666,63,729,2862400,23.9
20240331,240305_01,어린이 미술전<파르르 파르르>,36,1,37,144000,702,64,766,3006400,25.1
20240402,240305_01,어린이 미술전<파르르 파르르>,0,0,0,16000,702,64,766,3022400,
20240403,240305_01,어린이 미술전<파르르 파르르>,12,0,12,48000,714,64,778,3070400,25.6
20240404,240305_01,어린이 미술전<파르르 파르르>,1,2,3,4000,715,66,781,3074400,25.6
20240405,240305_01,어린이 미술전<파르르 파르르>,32,0,32,128000,747,66,813,3202400,26.7
20240406,240305_01,어린이 미술전<파르르 파르르>,34,2,36,136000,781,68,849,3338400,27.8
20240407,240305_01,어린이 미술전<파르르 파르르>,66,3,69,260000,847,71,918,3598400,30
20240409,240305_01,어린이 미술전<파르르 파르르>,26,6,32,84000,873,77,950,3682400,30.7
20240410,240305_01,어린이 미술전<파르르 파르르>,57,9,66,204000,930,86,1016,3886400,32.4
20240411,240305_01,어린이 미술전<파르르 파르르>,4,0,4,16000,934,86,1020,3902400,32.5
20240412,240305_01,어린이 미술전<파르르 파르르>,22,0,22,88000,956,86,1042,3990400,33.3
20240412,240412_01,창작스튜디오 5기 프리뷰전,28,7,35,84000,28,7,35,84000,8.4
20240413,240305_01,어린이 미술전<파르르 파르르>,43,1,44,164000,999,87,1086,4154400,34.6
20240413,240412_01,창작스튜디오 5기 프리뷰전,77,8,85,231000,105,15,120,315000,31.5
20240414,240305_01,어린이 미술전<파르르 파르르>,25,2,27,88000,1024,89,1113,4242400,35.4
20240414,240412_01,창작스튜디오 5기 프리뷰전,36,2,38,108000,141,17,158,423000,42.3
20240416,240305_01,어린이 미술전<파르르 파르르>,22,0,22,88000,1046,89,1135,4330400,36.1
20240416,240412_01,창작스튜디오 5기 프리뷰전,9,0,9,27000,150,17,167,450000,45
20240417,240305_01,어린이 미술전<파르르 파르르>,72,0,72,288000,1118,89,1207,4618400,38.5
20240417,240412_01,창작스튜디오 5기 프리뷰전,19,5,24,57000,169,22,191,507000,50.7
20240418,240305_01,어린이 미술전<파르르 파르르>,78,1,79,312000,1196,90,1286,4930400,41.1
20240418,240412_01,창작스튜디오 5기 프리뷰전,28,0,28,84000,197,22,219,591000,59.1
20240419,240305_01,어린이 미술전<파르르 파르르>,7,1,8,28000,1203,91,1294,4958400,41.3
20240419,240412_01,창작스튜디오 5기 프리뷰전,41,3,44,123000,238,25,263,714000,71.4
20240420,240305_01,어린이 미술전<파르르 파르르>,43,5,48,132000,1246,96,1342,5090400,42.4
20240420,240412_01,창작스튜디오 5기 프리뷰전,23,6,29,69000,261,31,292,783000,78.3
20240421,240305_01,어린이 미술전<파르르 파르르>,40,5,45,168000,1286,101,1387,5258400,43.8
20240421,240412_01,창작스튜디오 5기 프리뷰전,39,1,40,117000,300,32,332,900000,90
20240423,240305_01,어린이 미술전<파르르 파르르>,4,3,7,16000,1290,104,1394,5274400,44
20240423,240412_01,창작스튜디오 5기 프리뷰전,17,0,17,51000,317,32,349,951000,95.1
20240424,240305_01,어린이 미술전<파르르 파르르>,212,8,220,848000,1502,112,1614,6122400,51
20240424,240412_01,창작스튜디오 5기 프리뷰전,30,0,30,90000,347,32,379,1041000,104.1
20240425,240305_01,어린이 미술전<파르르 파르르>,40,2,42,160000,1542,114,1656,6282400,52.4
20240425,240412_01,창작스튜디오 5기 프리뷰전,23,7,30,69000,370,39,409,1110000,111
20240426,240305_01,어린이 미술전<파르르 파르르>,32,0,32,128000,1574,114,1688,6410400,53.4
20240426,240412_01,창작스튜디오 5기 프리뷰전,19,3,22,57000,389,42,431,1167000,116.7
20240427,240305_01,어린이 미술전<파르르 파르르>,42,0,42,152000,1616,114,1730,6562400,54.7
20240427,240412_01,창작스튜디오 5기 프리뷰전,25,3,28,75000,414,45,459,1242000,124.2
20240428,240305_01,어린이 미술전<파르르 파르르>,24,4,28,88000,1640,118,1758,6650400,55.4
20240428,240412_01,창작스튜디오 5기 프리뷰전,37,1,38,111000,451,46,497,1353000,135.3
20240430,240305_01,어린이 미술전<파르르 파르르>,7,0,7,28000,1647,118,1765,6678400,55.7
20240430,240412_01,창작스튜디오 5기 프리뷰전,15,0,15,45000,466,46,512,1398000,139.8
20240501,240305_01,어린이 미술전<파르르 파르르>,100,2,102,400000,1747,120,1867,7078400,59
20240501,240412_01,창작스튜디오 5기 프리뷰전,58,15,73,174000,524,61,585,1572000,157.2
20240501,240501_01,장도 나라의 앨리스,0,0,0,0,,,,,
20240502,240305_01,어린이 미술전<파르르 파르르>,4,1,5,24000,1751,121,1872,7102400,59.2
20240502,240412_01,창작스튜디오 5기 프리뷰전,21,3,24,63000,545,64,609,1635000,163.5
20240502,240501_01,장도 나라의 앨리스,0,0,0,0,,,,,
20240503,240305_01,어린이 미술전<파르르 파르르>,143,2,145,564000,1894,123,2017,7666400,63.9
20240503,240412_01,창작스튜디오 5기 프리뷰전,112,2,114,336000,657,66,723,1971000,197.1
20240503,240501_01,장도 나라의 앨리스,0,0,0,0,,,,,
20240504,240305_01,어린이 미술전<파르르 파르르>,47,1,48,188000,1941,124,2065,7854400,65.5
20240504,240412_01,창작스튜디오 5기 프리뷰전,46,1,47,138000,703,67,770,2109000,210.9
20240504,240501_01,장도 나라의 앨리스,0,0,0,0,,,,,
20240505,240305_01,어린이 미술전<파르르 파르르>,98,2,100,384000,2039,126,2165,8238400,68.7
20240505,240412_01,창작스튜디오 5기 프리뷰전,15,0,15,45000,718,67,785,2154000,215.4
20240507,240305_01,어린이 미술전<파르르 파르르>,7,0,7,28000,2046,126,2172,8266400,68.9
20240507,240412_01,창작스튜디오 5기 프리뷰전,18,0,18,54000,736,67,803,2208000,220.8
20240508,240305_01,어린이 미술전<파르르 파르르>,2,1,3,0,2048,127,2175,8266400,
20240508,240412_01,창작스튜디오 5기 프리뷰전,9,1,10,27000,745,68,813,2235000,223.5
20240509,240305_01,어린이 미술전<파르르 파르르>,60,0,60,240000,2108,127,2235,8506400,70.9
20240509,240412_01,창작스튜디오 5기 프리뷰전,10,0,10,30000,755,68,823,2265000,226.5
20240510,240305_01,어린이 미술전<파르르 파르르>,22,1,23,88000,2130,128,2258,8594400,71.6
20240510,240412_01,창작스튜디오 5기 프리뷰전,39,2,41,117000,794,70,864,2382000,238.2
20240511,240305_01,어린이 미술전<파르르 파르르>,44,5,49,176000,2174,133,2307,8770400,73.1
20240511,240412_01,창작스튜디오 5기 프리뷰전,16,4,20,48000,810,74,884,2430000,243
20240512,240305_01,어린이 미술전<파르르 파르르>,59,8,67,216000,2233,141,2374,8986400,74.9
20240512,240412_01,창작스튜디오 5기 프리뷰전,41,1,42,123000,851,75,926,2553000,255.3
20240514,240305_01,어린이 미술전<파르르 파르르>,24,7,31,96000,2257,148,2405,9082400,75.7
20240514,240412_01,창작스튜디오 5기 프리뷰전,14,3,17,42000,865,78,943,2595000,259.5
20240515,240305_01,어린이 미술전<파르르 파르르>,40,0,40,136000,2297,148,2445,9218400,76.8
20240515,240412_01,창작스튜디오 5기 프리뷰전,48,0,48,144000,913,78,991,2739000,273.9
20240516,240305_01,어린이 미술전<파르르 파르르>,28,0,28,132000,2325,148,2473,9350400,77.9
20240516,240412_01,창작스튜디오 5기 프리뷰전,11,0,11,33000,924,78,1002,2772000,277.2
20240517,240305_01,어린이 미술전<파르르 파르르>,36,4,40,188000,2361,152,2513,9538400,79.5
20240517,240412_01,창작스튜디오 5기 프리뷰전,8,5,13,24000,932,83,1015,2796000,279.6
20240517,240517_01,창작스튜디오 5기 오픈스튜디오(무료),0,0,139,0,,,139,0,
20240518,240305_01,어린이 미술전<파르르 파르르>,41,1,42,156000,2402,153,2555,9694400,80.8
20240518,240412_01,창작스튜디오 5기 프리뷰전,29,0,29,87000,961,83,1044,2883000,288.3
20240518,240517_01,창작스튜디오 5기 오픈스튜디오(무료),0,0,340,0,,,479,0,
20240519,240305_01,어린이 미술전<파르르 파르르>,59,6,65,176000,2461,159,2620,9870400,82.3
20240519,240412_01,창작스튜디오 5기 프리뷰전,34,6,40,102000,995,89,1084,2985000,298.5
20240519,240517_01,창작스튜디오 5기 오픈스튜디오(무료),0,0,517,0,,,996,0,
20240521,240305_01,어린이 미술전<파르르 파르르>,9,24,33,36000,2470,183,2653,9906400,82.6
20240522,240305_01,어린이 미술전<파르르 파르르>,16,76,92,64000,2486,259,2745,9970400,83.1
20240523,240305_01,어린이 미술전<파르르 파르르>,17,54,71,56000,2503,313,2816,10026400,83.6
20240524,240305_01,어린이 미술전<파르르 파르르>,52,29,81,196000,2555,342,2897,10222400,85.2
20240525,240305_01,어린이 미술전<파르르 파르르>,91,0,91,320000,2646,342,2988,10542400,87.9
20240526,240305_01,어린이 미술전<파르르 파르르>,56,1,57,200000,2702,343,3045,10742400,89.5
20240712,240712_01,앙리 마티스 LOVE & JAZZ,73,2,75,419000,73,2,75,419000,2.1
20240713,240712_01,앙리 마티스 LOVE & JAZZ,120,1,121,634000,193,3,196,1053000,5.3
20240714,240712_01,앙리 마티스 LOVE & JAZZ,91,0,91,499000,284,3,287,1552000,7.8
20240716,240712_01,앙리 마티스 LOVE & JAZZ,22,0,22,148000,306,3,309,1700000,8.5
20240717,240712_01,앙리 마티스 LOVE & JAZZ,19,0,19,105000,325,3,328,1805000,9
20240718,240712_01,앙리 마티스 LOVE & JAZZ,25,5,30,151000,350,8,358,1956000,9.8
20240719,240712_01,앙리 마티스 LOVE & JAZZ,35,5,40,175000,385,13,398,2131000,10.7
20240720,240712_01,앙리 마티스 LOVE & JAZZ,74,0,74,412000,459,13,472,2543000,12.7
20240721,240712_01,앙리 마티스 LOVE & JAZZ,107,0,107,621000,566,13,579,3164000,15.8
20240723,240712_01,앙리 마티스 LOVE & JAZZ,25,0,25,127000,591,13,604,3291000,16.5
20240723,240723_01,창작스튜디오 단기 입주작가전_이미경<나의 섬을 찾아서>,14,69,83,42000,14,69,83,42000,4.2
20240724,240712_01,앙리 마티스 LOVE & JAZZ,19,29,48,99000,610,42,652,3390000,17
20240724,240723_01,창작스튜디오 단기 입주작가전_이미경<나의 섬을 찾아서>,12,1,13,36000,26,70,96,78000,7.8
20240725,240712_01,앙리 마티스 LOVE & JAZZ,26,0,26,148000,636,42,678,3538000,17.7
20240725,240723_01,창작스튜디오 단기 입주작가전_이미경<나의 섬을 찾아서>,18,2,20,54000,44,72,116,132000,13.2
20240726,240712_01,앙리 마티스 LOVE & JAZZ,39,0,39,219000,675,42,717,3757000,18.8
20240726,240723_01,창작스튜디오 단기 입주작가전_이미경<나의 섬을 찾아서>,20,4,24,60000,64,76,140,192000,19.2
20240727,240712_01,앙리 마티스 LOVE & JAZZ,98,0,98,530000,773,42,815,4287000,21.4
20240727,240723_01,창작스튜디오 단기 입주작가전_이미경<나의 섬을 찾아서>,23,4,27,69000,87,80,167,261000,26.1
20240728,240712_01,앙리 마티스 LOVE & JAZZ,90,0,90,510000,863,42,905,4797000,24
20240728,240723_01,창작스튜디오 단기 입주작가전_이미경<나의 섬을 찾아서>,36,6,42,108000,123,86,209,369000,36.9
20240730,240712_01,앙리 마티스 LOVE & JAZZ,125,12,137,715000,988,54,1042,5512000,27.6
20240730,240723_01,창작스튜디오 단기 입주작가전_이미경<나의 섬을 찾아서>,49,0,49,147000,172,86,258,516000,51.6
20240731,240712_01,앙리 마티스 LOVE & JAZZ,81,2,83,475000,1069,56,1125,5987000,29.9
20240731,240723_01,창작스튜디오 단기 입주작가전_이미경<나의 섬을 찾아서>,14,0,14,42000,186,86,272,558000,55.8
20240801,240712_01,앙리 마티스 LOVE & JAZZ,87,4,91,503000,1156,60,1216,6490000,32.5
20240801,240723_01,창작스튜디오 단기 입주작가전_이미경<나의 섬을 찾아서>,23,0,23,69000,209,86,295,627000,62.7
20240802,240712_01,앙리 마티스 LOVE & JAZZ,100,0,100,560000,1256,60,1316,7050000,35.3
20240802,240723_01,창작스튜디오 단기 입주작가전_이미경<나의 섬을 찾아서>,43,1,44,129000,252,87,339,756000,75.6
20240803,240712_01,앙리 마티스 LOVE & JAZZ,108,0,108,626000,1364,60,1424,7676000,38.4
20240803,240723_01,창작스튜디오 단기 입주작가전_이미경<나의 섬을 찾아서>,31,0,31,93000,283,87,370,849000,84.9
20240804,240712_01,앙리 마티스 LOVE & JAZZ,63,0,63,381000,1427,60,1487,8057000,40.3
20240804,240723_01,창작스튜디오 단기 입주작가전_이미경<나의 섬을 찾아서>,36,2,38,108000,319,89,408,957000,95.7
20240806,240712_01,앙리 마티스 LOVE & JAZZ,124,4,128,752000,1551,64,1615,8809000,44
20240807,240712_01,앙리 마티스 LOVE & JAZZ,54,10,64,306000,1605,74,1679,9115000,45.6
20240808,240712_01,앙리 마티스 LOVE & JAZZ,48,0,48,268000,1653,74,1727,9383000,46.9
20240809,240712_01,앙리 마티스 LOVE & JAZZ,84,0,84,512000,1737,74,1811,9895000,49.5
20240810,240712_01,앙리 마티스 LOVE & JAZZ,94,5,99,528000,1831,79,1910,10423000,52.1
20240810,240810_01,댕댕이의 하루,23,1,24,92000,23,1,24,92000,2.3
20240811,240712_01,앙리 마티스 LOVE & JAZZ,96,3,99,536000,1927,82,2009,10959000,54.8
20240811,240810_01,댕댕이의 하루,29,1,30,116000,52,2,54,208000,5.2
20240813,240712_01,앙리 마티스 LOVE & JAZZ,55,6,61,297000,1982,88,2070,11256000,56.3
20240813,240810_01,댕댕이의 하루,17,8,25,68000,69,10,79,276000,6.9
20240814,240712_01,앙리 마티스 LOVE & JAZZ,54,7,61,338000,2036,95,2131,11594000,58
20240814,240810_01,댕댕이의 하루,12,11,23,48000,81,21,102,324000,8.1
20240815,240712_01,앙리 마티스 LOVE & JAZZ,186,7,193,1060000,2222,102,2324,12654000,63.3
20240815,240810_01,댕댕이의 하루,11,6,17,44000,92,27,119,368000,9.2
20240816,240712_01,앙리 마티스 LOVE & JAZZ,79,2,81,423000,2301,104,2405,13077000,65.4
20240816,240810_01,댕댕이의 하루,32,0,32,128000,124,27,151,496000,12.4
20240817,240712_01,앙리 마티스 LOVE & JAZZ,79,1,80,435000,2380,105,2485,13512000,67.6
20240817,240810_01,댕댕이의 하루,30,0,30,120000,154,27,181,616000,15.4
20240818,240712_01,앙리 마티스 LOVE & JAZZ,93,2,95,523000,2473,107,2580,14035000,70.2
20240818,240810_01,댕댕이의 하루,33,2,35,132000,187,29,216,748000,18.7
20240820,240712_01,앙리 마티스 LOVE & JAZZ,29,3,32,169000,2502,110,2612,14204000,71
20240820,240810_01,댕댕이의 하루,2,1,3,8000,189,30,219,756000,18.9
20240821,240712_01,앙리 마티스 LOVE & JAZZ,21,10,31,107000,2523,120,2643,14311000,71.6
20240821,240810_01,댕댕이의 하루,10,5,15,40000,199,35,234,796000,19.9
20240822,240712_01,앙리 마티스 LOVE & JAZZ,6,2,8,34000,2529,122,2651,14345000,71.7
20240822,240810_01,댕댕이의 하루,4,0,4,16000,203,35,238,812000,20.3
20240823,240712_01,앙리 마티스 LOVE & JAZZ,27,3,30,141000,2556,125,2681,14486000,72.4
20240823,240810_01,댕댕이의 하루,3,0,3,12000,206,35,241,824000,20.6
20240824,240712_01,앙리 마티스 LOVE & JAZZ,78,2,80,446000,2634,127,2761,14932000,74.7
20240824,240810_01,댕댕이의 하루,11,0,11,44000,217,35,252,868000,21.7
20240825,240712_01,앙리 마티스 LOVE & JAZZ,117,1,118,655000,2751,128,2879,15587000,77.9
20240825,240810_01,댕댕이의 하루,9,0,9,36000,226,35,261,904000,22.6
20240827,240712_01,앙리 마티스 LOVE & JAZZ,11,0,11,57000,2762,128,2890,15644000,78.2
20240827,240810_01,댕댕이의 하루,8,0,8,32000,234,35,269,936000,23.4
20240828,240712_01,앙리 마티스 LOVE & JAZZ,33,1,34,171000,2795,129,2924,15815000,79.1
20240828,240810_01,댕댕이의 하루,5,1,6,20000,239,36,275,956000,23.9
20240829,240712_01,앙리 마티스 LOVE & JAZZ,39,8,47,205000,2834,137,2971,16020000,80.1
20240829,240810_01,댕댕이의 하루,19,0,19,76000,258,36,294,1032000,25.8
20240830,240712_01,앙리 마티스 LOVE & JAZZ,46,0,46,244000,2880,137,3017,16264000,81.3
20240830,240810_01,댕댕이의 하루,9,3,12,36000,267,39,306,1068000,26.7
20240831,240712_01,앙리 마티스 LOVE & JAZZ,72,1,73,382000,2952,138,3090,16646000,83.2
20240831,240810_01,댕댕이의 하루,39,10,49,156000,306,49,355,1224000,30.6
20240901,240712_01,앙리 마티스 LOVE & JAZZ,93,2,95,531000,3045,140,3185,17177000,85.9
20240901,240810_01,댕댕이의 하루,45,0,45,180000,351,49,400,1404000,35.1
20240903,240712_01,앙리 마티스 LOVE & JAZZ,6,1,7,34000,3051,141,3192,17211000,86.1
20240903,240810_01,댕댕이의 하루,1,3,4,4000,352,52,404,1408000,35.2
20240904,240712_01,앙리 마티스 LOVE & JAZZ,84,3,87,416000,3135,144,3279,17627000,88.1
20240904,240810_01,댕댕이의 하루,6,3,9,24000,358,55,413,1432000,35.8
20240905,240712_01,앙리 마티스 LOVE & JAZZ,12,2,14,68000,3147,146,3293,17695000,88.5
20240905,240810_01,댕댕이의 하루,7,0,7,28000,365,55,420,1460000,36.5
20240906,240712_01,앙리 마티스 LOVE & JAZZ,15,0,15,81000,3162,146,3308,17776000,88.9
20240906,240810_01,댕댕이의 하루,3,0,3,12000,368,55,423,1472000,36.8
20240907,240712_01,앙리 마티스 LOVE & JAZZ,85,0,85,477000,3247,146,3393,18253000,91.3
20240907,240810_01,댕댕이의 하루,35,0,35,140000,403,55,458,1612000,40.3
20240908,240712_01,앙리 마티스 LOVE & JAZZ,82,0,82,456000,3329,146,3475,18709000,93.5
20240908,240810_01,댕댕이의 하루,22,0,22,88000,425,55,480,1700000,42.5
20240910,240712_01,앙리 마티스 LOVE & JAZZ,25,0,25,141000,3354,146,3500,18850000,94.3
20240910,240810_01,댕댕이의 하루,8,0,8,32000,433,55,488,1732000,43.3
20240911,240712_01,앙리 마티스 LOVE & JAZZ,51,0,51,259000,3405,146,3551,19109000,95.5
20240911,240810_01,댕댕이의 하루,10,0,10,40000,443,55,498,1772000,44.3
20240912,240712_01,앙리 마티스 LOVE & JAZZ,106,0,106,534000,3511,146,3657,19643000,98.2
20240912,240810_01,댕댕이의 하루,5,0,5,20000,448,55,503,1792000,44.8
20240913,240712_01,앙리 마티스 LOVE & JAZZ,12,23,35,66000,3523,169,3692,19709000,98.5
20240913,240810_01,댕댕이의 하루,4,1,5,16000,452,56,508,1808000,45.2
20240914,240712_01,앙리 마티스 LOVE & JAZZ,57,4,61,327000,3580,173,3753,20036000,100.2
20240914,240810_01,댕댕이의 하루,15,8,23,60000,467,64,531,1868000,46.7
20240915,240712_01,앙리 마티스 LOVE & JAZZ,109,2,111,591000,3689,175,3864,20627000,103.1
20240915,240810_01,댕댕이의 하루,33,5,38,132000,500,69,569,2000000,50
20240918,240712_01,앙리 마티스 LOVE & JAZZ,68,3,71,404000,3757,178,3935,21031000,105.2
20240918,240810_01,댕댕이의 하루,18,0,18,72000,518,69,587,2072000,51.8
20240919,240712_01,앙리 마티스 LOVE & JAZZ,9,3,12,45000,3766,181,3947,21076000,105.4
20240919,240810_01,댕댕이의 하루,5,0,5,20000,523,69,592,2092000,52.3
20240920,240712_01,앙리 마티스 LOVE & JAZZ,58,6,64,298000,3824,187,4011,21374000,106.9
20240920,240810_01,댕댕이의 하루,7,0,7,28000,530,69,599,2120000,53
20240921,240712_01,앙리 마티스 LOVE & JAZZ,42,0,42,228000,3866,187,4053,21602000,108
20240921,240810_01,댕댕이의 하루,1,1,2,4000,531,70,601,2124000,53.1
20240922,240712_01,앙리 마티스 LOVE & JAZZ,60,3,63,364000,3926,190,4116,21966000,109.8
20240922,240810_01,댕댕이의 하루,33,2,35,132000,564,72,636,2256000,56.4
20240924,240712_01,앙리 마티스 LOVE & JAZZ,5,2,7,25000,3931,192,4123,21991000,110
20240924,240810_01,댕댕이의 하루,12,3,15,48000,576,75,651,2304000,57.6
20240925,240712_01,앙리 마티스 LOVE & JAZZ,66,1,67,338000,3997,193,4190,22329000,111.6
20240925,240810_01,댕댕이의 하루,2,3,5,8000,578,78,656,2312000,57.8
20240926,240712_01,앙리 마티스 LOVE & JAZZ,17,1,18,95000,4014,194,4208,22424000,112.1
20240926,240810_01,댕댕이의 하루,10,1,11,40000,588,79,667,2352000,58.8
20240927,240712_01,앙리 마티스 LOVE & JAZZ,10,5,15,50000,4024,199,4223,22474000,112.4
20240927,240810_01,댕댕이의 하루,48,3,51,192000,636,82,718,2544000,63.6
20240928,240712_01,앙리 마티스 LOVE & JAZZ,49,14,63,285000,4073,213,4286,22759000,113.8
20240928,240810_01,댕댕이의 하루,67,2,69,268000,703,84,787,2812000,70.3
20240929,240712_01,앙리 마티스 LOVE & JAZZ,45,0,45,231000,4118,213,4331,22990000,115
20240929,240810_01,댕댕이의 하루,55,2,57,220000,758,86,844,3032000,75.8
20241001,240712_01,앙리 마티스 LOVE & JAZZ,51,1,52,281000,4169,214,4383,23271000,116.4
20241002,240712_01,앙리 마티스 LOVE & JAZZ,22,0,22,120000,4191,214,4405,23391000,117
20241003,240712_01,앙리 마티스 LOVE & JAZZ,97,0,97,563000,4288,214,4502,23954000,119.8
20241004,240712_01,앙리 마티스 LOVE & JAZZ,54,0,54,292000,4342,214,4556,24246000,121.2
20241004,241004_01,5기 입주작가전_김용원,26,5,31,52000,26,5,31,52000,1.7
20241005,240712_01,앙리 마티스 LOVE & JAZZ,34,3,37,184000,4376,217,4593,24430000,122.2
20241005,241004_01,5기 입주작가전_김용원,14,17,31,28000,40,22,62,80000,2.6
20241006,240712_01,앙리 마티스 LOVE & JAZZ,66,0,66,374000,4442,217,4659,24804000,124
20241006,241004_01,5기 입주작가전_김용원,17,3,20,34000,57,25,82,114000,3.8
20241008,240712_01,앙리 마티스 LOVE & JAZZ,7,3,10,35000,4449,220,4669,24839000,124.2
20241008,241004_01,5기 입주작가전_김용원,10,6,16,20000,67,31,98,134000,4.4
20241009,240712_01,앙리 마티스 LOVE & JAZZ,63,0,63,337000,4512,220,4732,25176000,125.9
20241009,241004_01,5기 입주작가전_김용원,26,6,32,52000,93,37,130,186000,6.2
20241010,240712_01,앙리 마티스 LOVE & JAZZ,106,7,113,688000,4618,227,4845,25864000,129.3
20241010,241004_01,5기 입주작가전_김용원,10,5,15,20000,103,42,145,206000,6.8
20241011,240712_01,앙리 마티스 LOVE & JAZZ,23,0,23,147000,4641,227,4868,26011000,130.1
20241011,241004_01,5기 입주작가전_김용원,4,14,18,8000,107,56,163,214000,7.1
20241012,240712_01,앙리 마티스 LOVE & JAZZ,48,0,48,248000,4689,227,4916,26259000,131.3
20241012,241004_01,5기 입주작가전_김용원,34,9,43,68000,141,65,206,282000,9.3
20241013,240712_01,앙리 마티스 LOVE & JAZZ,50,0,50,272000,4739,227,4966,26531000,132.7
20241013,241004_01,5기 입주작가전_김용원,23,0,23,46000,164,65,229,328000,10.8
20241015,240712_01,앙리 마티스 LOVE & JAZZ,2,0,2,10000,4741,227,4968,26541000,132.7
20241015,241004_01,5기 입주작가전_김용원,20,0,20,40000,184,65,249,368000,12.2
20241016,240712_01,앙리 마티스 LOVE & JAZZ,49,8,57,253000,4790,235,5025,26794000,134
20241016,241004_01,5기 입주작가전_김용원,13,2,15,26000,197,67,264,394000,13
20241017,240712_01,앙리 마티스 LOVE & JAZZ,208,0,208,1046000,4998,235,5233,27840000,139.2
20241017,241004_01,5기 입주작가전_김용원,1,0,1,2000,198,67,265,396000,13.1
20241018,240712_01,앙리 마티스 LOVE & JAZZ,213,1,214,1169000,5211,236,5447,29009000,145
20241018,241004_01,5기 입주작가전_김용원,5,1,6,10000,203,68,271,406000,13.4
20241019,240712_01,앙리 마티스 LOVE & JAZZ,19,22,41,95000,5230,258,5488,29104000,145.5
20241019,241004_01,5기 입주작가전_김용원,15,1,16,30000,218,69,287,436000,14.4
20241020,240712_01,앙리 마티스 LOVE & JAZZ,86,0,86,457000,5316,258,5574,29561000,147.8
20241020,241004_01,5기 입주작가전_김용원,25,1,26,50000,243,70,313,486000,16.1
20241022,240712_01,앙리 마티스 LOVE & JAZZ,70,6,76,432000,5386,264,5650,29993000,150
20241022,241004_01,5기 입주작가전_김용원,23,0,23,46000,266,70,336,532000,17.6
20241023,240712_01,앙리 마티스 LOVE & JAZZ,15,0,15,77000,5401,264,5665,30070000,150.4
20241023,241004_01,5기 입주작가전_김용원,21,0,21,42000,287,70,357,574000,19
20241024,240712_01,앙리 마티스 LOVE & JAZZ,25,0,25,151000,5426,264,5690,30221000,151.1
20241024,241004_01,5기 입주작가전_김용원,14,3,17,28000,301,73,374,602000,19.9
20241025,240712_01,앙리 마티스 LOVE & JAZZ,70,1,71,418000,5496,265,5761,30639000,153.2
20241025,241004_01,5기 입주작가전_김용원,27,4,31,54000,328,77,405,656000,21.7
20241026,240712_01,앙리 마티스 LOVE & JAZZ,74,0,74,406000,5570,265,5835,31045000,155.2
20241026,241004_01,5기 입주작가전_김용원,37,2,39,74000,365,79,444,730000,24.1
20241027,240712_01,앙리 마티스 LOVE & JAZZ,56,0,56,294000,5626,265,5891,31339000,156.7
20241027,241004_01,5기 입주작가전_김용원,31,4,35,62000,396,83,479,792000,26.2
20241029,240712_01,앙리 마티스 LOVE & JAZZ,181,4,185,1185000,5807,269,6076,32524000,162.6
20241030,240712_01,앙리 마티스 LOVE & JAZZ,185,3,188,1199000,5992,272,6264,33723000,168.6
20241031,240712_01,앙리 마티스 LOVE & JAZZ,149,0,149,909000,6141,272,6413,34632000,173.2
20241101,240712_01,앙리 마티스 LOVE & JAZZ,154,0,154,1004000,6295,272,6567,35636000,178.2
20241101,241004_02,5기 입주작가전_김용현,403,85,488,806000,403,85,488,806000,26.7
20241102,240712_01,앙리 마티스 LOVE & JAZZ,71,1,72,371000,6366,273,6639,36007000,180
20241102,241004_02,5기 입주작가전_김용현,27,10,37,54000,430,95,525,860000,28.4
20241103,240712_01,앙리 마티스 LOVE & JAZZ,91,6,97,479000,6457,279,6736,36486000,182.4
20241103,241004_02,5기 입주작가전_김용현,26,6,32,52000,456,101,557,912000,30.2
20241105,241004_02,5기 입주작가전_김용현,55,0,55,110000,511,101,612,1022000,33.8
20241106,241004_02,5기 입주작가전_김용현,18,1,19,36000,529,102,631,1058000,35
20241107,241004_02,5기 입주작가전_김용현,17,1,18,34000,546,103,649,1092000,36.1
20241108,241004_02,5기 입주작가전_김용현,14,1,15,28000,560,104,664,1120000,37
20241109,241004_02,5기 입주작가전_김용현,19,5,24,38000,579,109,688,1158000,38.3
20241110,241004_02,5기 입주작가전_김용현,45,3,48,90000,624,112,736,1248000,41.3
20241112,241004_02,5기 입주작가전_김용현,8,1,9,16000,632,113,745,1264000,41.8
20241112,241112_01,입주작가초대전_김상선 <바람이 머무는 풍경>,10,1,11,30000,10,1,11,30000,3
20241113,241004_02,5기 입주작가전_김용현,14,0,14,28000,646,113,759,1292000,42.7
20241113,241112_01,입주작가초대전_김상선 <바람이 머무는 풍경>,16,0,16,48000,26,1,27,78000,7.8
20241114,241004_02,5기 입주작가전_김용현,25,1,26,50000,671,114,785,1342000,44.4
20241114,241112_01,입주작가초대전_김상선 <바람이 머무는 풍경>,8,6,14,24000,34,7,41,102000,10.2
20241115,241004_02,5기 입주작가전_김용현,14,5,19,28000,685,119,804,1370000,45.3
20241115,241112_01,입주작가초대전_김상선 <바람이 머무는 풍경>,11,0,11,33000,45,7,52,135000,13.5
20241116,241004_02,5기 입주작가전_김용현,23,0,23,46000,708,119,827,1416000,46.8
20241116,241112_01,입주작가초대전_김상선 <바람이 머무는 풍경>,12,124,136,36000,57,131,188,171000,17.1
20241117,241004_02,5기 입주작가전_김용현,33,1,34,66000,741,120,861,1482000,49
20241117,241112_01,입주작가초대전_김상선 <바람이 머무는 풍경>,31,5,36,93000,88,136,224,264000,26.4
20241119,241004_02,5기 입주작가전_김용현,6,0,6,12000,747,120,867,1494000,49.4
20241119,241112_01,입주작가초대전_김상선 <바람이 머무는 풍경>,9,11,20,27000,97,147,244,291000,29.1
20241120,241004_02,5기 입주작가전_김용현,9,0,9,18000,756,120,876,1512000,50
20241120,241112_01,입주작가초대전_김상선 <바람이 머무는 풍경>,19,6,25,57000,116,153,269,348000,34.8
20241121,241004_02,5기 입주작가전_김용현,37,0,37,74000,793,120,913,1586000,52.4
20241121,241112_01,입주작가초대전_김상선 <바람이 머무는 풍경>,12,8,20,36000,128,161,289,384000,38.4
20241122,241004_02,5기 입주작가전_김용현,9,5,14,18000,802,125,927,1604000,53
20241122,241112_01,입주작가초대전_김상선 <바람이 머무는 풍경>,38,4,42,114000,166,165,331,498000,49.8
20241123,241004_02,5기 입주작가전_김용현,59,2,61,118000,861,127,988,1722000,56.9
20241123,241112_01,입주작가초대전_김상선 <바람이 머무는 풍경>,38,5,43,114000,204,170,374,612000,61.2
20241124,241004_02,5기 입주작가전_김용현,24,3,27,48000,885,130,1015,1770000,58.5
20241124,241112_01,입주작가초대전_김상선 <바람이 머무는 풍경>,20,0,20,60000,224,170,394,672000,67.2
20241126,241112_01,입주작가초대전_김상선 <바람이 머무는 풍경>,13,0,13,39000,237,170,407,711000,71.1
20241127,241112_01,입주작가초대전_김상선 <바람이 머무는 풍경>,2,5,7,6000,239,175,414,717000,71.7
20241128,241112_01,입주작가초대전_김상선 <바람이 머무는 풍경>,24,8,32,72000,263,183,446,789000,78.9
20241129,241004_03,5기 입주작가전_이연숙,904,130,1034,1808000,904,130,1034,1808000,59.8
20241129,241112_01,입주작가초대전_김상선 <바람이 머무는 풍경>,16,2,18,48000,279,185,464,837000,83.7
20241130,241004_03,5기 입주작가전_이연숙,54,7,61,108000,958,137,1095,1916000,63.4
20241130,241112_01,입주작가초대전_김상선 <바람이 머무는 풍경>,39,3,42,117000,318,188,506,954000,95.4
20241201,241004_03,5기 입주작가전_이연숙,36,1,37,72000,994,138,1132,1988000,65.7
20241201,241112_01,입주작가초대전_김상선 <바람이 머무는 풍경>,31,5,36,93000,349,193,542,1047000,104.7
20241203,241004_03,5기 입주작가전_이연숙,19,0,19,38000,1013,138,1151,2026000,67
20241203,241112_01,입주작가초대전_김상선 <바람이 머무는 풍경>,8,5,13,24000,357,198,555,1071000,107.1
20241204,241004_03,5기 입주작가전_이연숙,46,1,47,92000,1059,139,1198,2118000,70
20241204,241112_01,입주작가초대전_김상선 <바람이 머무는 풍경>,169,5,174,507000,526,203,729,1578000,157.8
20241205,241004_03,5기 입주작가전_이연숙,5,2,7,10000,1064,141,1205,2128000,70.4
20241205,241112_01,입주작가초대전_김상선 <바람이 머무는 풍경>,17,7,24,51000,543,210,753,1629000,162.9
20241206,241004_03,5기 입주작가전_이연숙,11,3,14,22000,1075,144,1219,2150000,71.1
20241206,241112_01,입주작가초대전_김상선 <바람이 머무는 풍경>,20,1,21,60000,563,211,774,1689000,168.9
20241207,241004_03,5기 입주작가전_이연숙,10,2,12,20000,1085,146,1231,2170000,71.8
20241207,241112_01,입주작가초대전_김상선 <바람이 머무는 풍경>,22,5,27,66000,585,216,801,1755000,175.5
20241208,241004_03,5기 입주작가전_이연숙,29,6,35,58000,1114,152,1266,2228000,73.7
20241208,241112_01,입주작가초대전_김상선 <바람이 머무는 풍경>,25,3,28,75000,610,219,829,1830000,183
20241210,241004_03,5기 입주작가전_이연숙,10,1,11,20000,1124,153,1277,2248000,74.3
20241210,241112_01,입주작가초대전_김상선 <바람이 머무는 풍경>,9,4,13,27000,619,223,842,1857000,185.7
20241211,241004_03,5기 입주작가전_이연숙,17,1,18,34000,1141,154,1295,2282000,75.5
20241211,241112_01,입주작가초대전_김상선 <바람이 머무는 풍경>,22,13,35,66000,641,236,877,1923000,192.3
20241212,241004_03,5기 입주작가전_이연숙,39,3,42,78000,1180,157,1337,2360000,78
20241212,241112_01,입주작가초대전_김상선 <바람이 머무는 풍경>,54,1,55,162000,695,237,932,2085000,208.5
20241213,241004_03,5기 입주작가전_이연숙,11,0,11,22000,1191,157,1348,2382000,78.8
20241213,241112_01,입주작가초대전_김상선 <바람이 머무는 풍경>,10,5,15,30000,705,242,947,2115000,211.5
20241214,241004_03,5기 입주작가전_이연숙,33,4,37,66000,1224,161,1385,2448000,81
20241214,241112_01,입주작가초대전_김상선 <바람이 머무는 풍경>,25,6,31,75000,730,248,978,2190000,219
20241215,241004_03,5기 입주작가전_이연숙,20,3,23,40000,1244,164,1408,2488000,82.3
20241215,241112_01,입주작가초대전_김상선 <바람이 머무는 풍경>,19,2,21,57000,749,250,999,2247000,224.7
20241217,241004_03,5기 입주작가전_이연숙,14,1,15,28000,1258,165,1423,2516000,83.2
20241218,241004_03,5기 입주작가전_이연숙,10,1,11,20000,1268,166,1434,2536000,83.9
20241219,241004_03,5기 입주작가전_이연숙,4,0,4,8000,1272,166,1438,2544000,84.1
20241220,241004_03,5기 입주작가전_이연숙,7,0,7,14000,1279,166,1445,2558000,84.6
20241221,241004_03,5기 입주작가전_이연숙,21,0,21,42000,1300,166,1466,2600000,86
20241222,241004_03,5기 입주작가전_이연숙,55,2,57,110000,1355,168,1523,2710000,89.6
20250225,250225_01,어린이 미술전 <냠냠>,30,0,30,200000,30,0,30,200000,0.9
20250226,250225_01,어린이 미술전 <냠냠>,86,2,88,550000,116,2,118,750000,2.5
20250227,250225_01,어린이 미술전 <냠냠>,111,12,123,707500,227,14,241,1457500,4.8
20250228,250225_01,어린이 미술전 <냠냠>,69,2,71,480000,296,16,312,1937500,6.4
20250301,250225_01,어린이 미술전 <냠냠>,155,5,160,1105000,451,21,472,3042500,10
20250302,250225_01,어린이 미술전 <냠냠>,165,3,168,1130000,616,24,640,4172500,13.7
20250304,250225_01,어린이 미술전 <냠냠>,11,0,11,75000,627,24,651,4247500,14
20250305,250225_01,어린이 미술전 <냠냠>,13,0,13,80000,640,24,664,4327500,14.2
20250306,250225_01,어린이 미술전 <냠냠>,4,3,7,20000,644,27,671,4347500,14.3
20250307,250225_01,어린이 미술전 <냠냠>,23,0,23,140000,667,27,694,4487500,14.8
20250308,250225_01,어린이 미술전 <냠냠>,173,7,180,1240000,840,34,874,5727500,18.8
20250309,250225_01,어린이 미술전 <냠냠>,254,10,264,1700000,1094,44,1138,7427500,24.4
20250311,250225_01,어린이 미술전 <냠냠>,13,0,13,70000,1107,44,1151,7497500,24.6
20250312,250225_01,어린이 미술전 <냠냠>,18,0,18,105000,1125,44,1169,7602500,25
20250313,250225_01,어린이 미술전 <냠냠>,61,0,61,288500,1186,44,1230,7891000,25.9
20250314,250225_01,어린이 미술전 <냠냠>,16,3,19,90000,1202,47,1249,7981000,26.2
20250314,250314_01,창작스튜디오 6기 <프리뷰전>,23,6,29,46000,23,6,29,46000,2.3
20250315,250225_01,어린이 미술전 <냠냠>,131,7,138,875000,1333,54,1387,8856000,29.1
20250315,250314_01,창작스튜디오 6기 <프리뷰전>,38,4,42,76000,61,10,71,122000,6.2
20250316,250225_01,어린이 미술전 <냠냠>,141,5,146,920000,1474,59,1533,9776000,32.1
20250316,250314_01,창작스튜디오 6기 <프리뷰전>,17,0,17,34000,78,10,88,156000,7.9
20250318,250225_01,어린이 미술전 <냠냠>,26,1,27,214000,1500,60,1560,9990000,32.8
20250318,250314_01,창작스튜디오 6기 <프리뷰전>,5,4,9,10000,83,14,97,166000,8.4
20250319,250225_01,어린이 미술전 <냠냠>,34,1,35,264500,1534,61,1595,10254500,33.7
20250319,250314_01,창작스튜디오 6기 <프리뷰전>,17,0,17,34000,100,14,114,200000,10.1
20250320,250225_01,어린이 미술전 <냠냠>,59,3,62,496500,1593,64,1657,10751000,35.3
20250320,250314_01,창작스튜디오 6기 <프리뷰전>,16,15,31,32000,116,29,145,232000,11.7
20250321,250225_01,어린이 미술전 <냠냠>,45,8,53,255000,1638,72,1710,11006000,36.2
20250321,250314_01,창작스튜디오 6기 <프리뷰전>,82,0,82,484000,198,29,227,716000,36.2
20250322,250225_01,어린이 미술전 <냠냠>,132,4,136,910000,1770,76,1846,11916000,39.2
20250322,250314_01,창작스튜디오 6기 <프리뷰전>,28,3,31,56000,226,32,258,772000,39
20250323,250225_01,어린이 미술전 <냠냠>,97,3,100,615000,1867,79,1946,12531000,41.2
20250323,250314_01,창작스튜디오 6기 <프리뷰전>,32,0,32,64000,258,32,290,836000,42.2
20250325,250225_01,어린이 미술전 <냠냠>,19,0,19,93000,1886,79,1965,12624000,41.5
20250325,250314_01,창작스튜디오 6기 <프리뷰전>,20,0,20,40000,278,32,310,876000,44.2
20250326,250225_01,어린이 미술전 <냠냠>,19,0,19,93500,1905,79,1984,12717500,41.8
20250326,250314_01,창작스튜디오 6기 <프리뷰전>,9,1,10,18000,287,33,320,894000,45.2
20250327,250225_01,어린이 미술전 <냠냠>,24,11,35,119000,1929,90,2019,12836500,42.2
20250327,250314_01,창작스튜디오 6기 <프리뷰전>,13,0,13,26000,300,33,333,920000,46.5
20250328,250225_01,어린이 미술전 <냠냠>,48,3,51,243000,1977,93,2070,13079500,43
20250328,250314_01,창작스튜디오 6기 <프리뷰전>,44,0,44,88000,344,33,377,1008000,50.9
20250329,250225_01,어린이 미술전 <냠냠>,117,5,122,775000,2094,98,2192,13854500,45.5
20250329,250314_01,창작스튜디오 6기 <프리뷰전>,37,1,38,74000,381,34,415,1082000,54.6
20250330,250225_01,어린이 미술전 <냠냠>,73,6,79,490000,2167,104,2271,14344500,47.2
20250330,250314_01,창작스튜디오 6기 <프리뷰전>,50,5,55,100000,431,39,470,1182000,59.7
20250401,250225_01,어린이 미술전 <냠냠>,21,0,21,150000,2188,104,2292,14494500,47.6
20250401,250314_01,창작스튜디오 6기 <프리뷰전>,12,0,12,24000,443,39,482,1206000,60.9
20250402,250225_01,어린이 미술전 <냠냠>,53,1,54,251500,2241,105,2346,14746000,48.5
20250402,250314_01,창작스튜디오 6기 <프리뷰전>,8,1,9,16000,451,40,491,1222000,61.7
20250403,250225_01,어린이 미술전 <냠냠>,6,0,6,45000,2247,105,2352,14791000,48.6
20250403,250314_01,창작스튜디오 6기 <프리뷰전>,21,0,21,42000,472,40,512,1264000,63.8
20250404,250225_01,어린이 미술전 <냠냠>,117,0,117,526500,2364,105,2469,15317500,50.4
20250404,250314_01,창작스튜디오 6기 <프리뷰전>,18,0,18,36000,490,40,530,1300000,65.7
20250405,250225_01,어린이 미술전 <냠냠>,111,9,120,745000,2475,114,2589,16062500,52.8
20250405,250314_01,창작스튜디오 6기 <프리뷰전>,27,6,33,54000,517,46,563,1354000,68.4
20250406,250225_01,어린이 미술전 <냠냠>,86,0,86,585000,2561,114,2675,16647500,54.7
20250406,250314_01,창작스튜디오 6기 <프리뷰전>,47,5,52,94000,564,51,615,1448000,73.1
20250408,250225_01,어린이 미술전 <냠냠>,53,5,58,395000,2614,119,2733,17042500,56
20250408,250314_01,창작스튜디오 6기 <프리뷰전>,13,0,13,26000,577,51,628,1474000,74.4
20250409,250225_01,어린이 미술전 <냠냠>,34,1,35,250000,2648,120,2768,17292500,56.8
20250409,250314_01,창작스튜디오 6기 <프리뷰전>,35,0,35,70000,612,51,663,1544000,78
20250410,250225_01,어린이 미술전 <냠냠>,46,34,80,229500,2694,154,2848,17522000,57.6
20250410,250314_01,창작스튜디오 6기 <프리뷰전>,7,3,10,14000,619,54,673,1558000,78.7
20250411,250225_01,어린이 미술전 <냠냠>,27,7,34,150000,2721,161,2882,17672000,58.1
20250411,250314_01,창작스튜디오 6기 <프리뷰전>,20,2,22,40000,639,56,695,1598000,80.7
20250412,250225_01,어린이 미술전 <냠냠>,79,7,86,490000,2800,168,2968,18162000,59.7
20250412,250314_01,창작스튜디오 6기 <프리뷰전>,56,6,62,112000,695,62,757,1710000,86.4
20250413,250225_01,어린이 미술전 <냠냠>,59,3,62,375000,2859,171,3030,18537000,60.9
20250413,250314_01,창작스튜디오 6기 <프리뷰전>,24,0,24,48000,719,62,781,1758000,88.8
20250415,250225_01,어린이 미술전 <냠냠>,25,5,30,112500,2884,176,3060,18649500,61.3
20250415,250314_01,창작스튜디오 6기 <프리뷰전>,27,3,30,54000,746,65,811,1812000,91.5
20250416,250225_01,어린이 미술전 <냠냠>,22,1,23,99500,2906,177,3083,18749000,61.6
20250416,250314_01,창작스튜디오 6기 <프리뷰전>,3,0,3,6000,749,65,814,1818000,91.8
20250417,250225_01,어린이 미술전 <냠냠>,23,1,24,110000,2929,178,3107,18859000,62
20250417,250314_01,창작스튜디오 6기 <프리뷰전>,9,0,9,18000,758,65,823,1836000,92.7
20250418,250225_01,어린이 미술전 <냠냠>,48,0,48,237500,2977,178,3155,19096500,62.8
20250418,250314_01,창작스튜디오 6기 <프리뷰전>,27,0,27,54000,785,65,850,1890000,95.5
20250419,250225_01,어린이 미술전 <냠냠>,58,7,65,410000,3035,185,3220,19506500,64.1
20250419,250314_01,창작스튜디오 6기 <프리뷰전>,34,1,35,68000,819,66,885,1958000,98.9
20250420,250225_01,어린이 미술전 <냠냠>,47,10,57,330000,3082,195,3277,19836500,65.2
20250420,250314_01,창작스튜디오 6기 <프리뷰전>,43,5,48,86000,862,71,933,2044000,103.2
20250422,250225_01,어린이 미술전 <냠냠>,73,8,81,354000,3155,203,3358,20190500,66.4
20250422,250314_01,창작스튜디오 6기 <프리뷰전>,13,0,13,26000,875,71,946,2070000,104.5
20250423,250225_01,어린이 미술전 <냠냠>,46,0,46,207000,3201,203,3404,20397500,67.1
20250423,250314_01,창작스튜디오 6기 <프리뷰전>,29,0,29,58000,904,71,975,2128000,107.5
20250424,250225_01,어린이 미술전 <냠냠>,31,2,33,140000,3232,205,3437,20537500,67.5
20250424,250314_01,창작스튜디오 6기 <프리뷰전>,36,3,39,72000,940,74,1014,2200000,111.1
20250425,250225_01,어린이 미술전 <냠냠>,58,6,64,332500,3290,211,3501,20870000,68.6
20250425,250314_01,창작스튜디오 6기 <프리뷰전>,6,10,16,12000,946,84,1030,2212000,111.7
20250426,250225_01,어린이 미술전 <냠냠>,40,3,43,275000,3330,214,3544,21145000,69.5
20250426,250314_01,창작스튜디오 6기 <프리뷰전>,86,8,94,172000,1032,92,1124,2384000,120.4
20250427,250225_01,어린이 미술전 <냠냠>,53,3,56,335000,3383,217,3600,21480000,70.6
20250427,250314_01,창작스튜디오 6기 <프리뷰전>,31,4,35,62000,1063,96,1159,2446000,123.5
20250429,250225_01,어린이 미술전 <냠냠>,62,12,74,280000,3445,229,3674,21760000,71.5
20250430,250225_01,어린이 미술전 <냠냠>,181,0,181,1681500,3626,229,3855,23441500,77.1
20250501,250225_01,어린이 미술전 <냠냠>,33,2,35,220000,3659,231,3890,23661500,77.8
20250502,250225_01,어린이 미술전 <냠냠>,65,19,84,365000,3724,250,3974,24026500,79
20250503,250225_01,어린이 미술전 <냠냠>,38,1,39,240000,3762,251,4013,24266500,79.8
20250503,250503_01,"장도 기획전시 <HELLO, 고래야>",70,8,78,210000,70,8,78,210000,3.3
20250504,250225_01,어린이 미술전 <냠냠>,63,11,74,415000,3825,262,4087,24681500,81.1
20250504,250503_01,"장도 기획전시 <HELLO, 고래야>",180,11,191,540000,250,19,269,750000,11.9
20250505,250225_01,어린이 미술전 <냠냠>,16,3,19,100000,3841,265,4106,24781500,81.5
20250505,250503_01,"장도 기획전시 <HELLO, 고래야>",150,6,156,450000,400,25,425,1200000,19
20250506,250225_01,어린이 미술전 <냠냠>,43,1,44,270000,3884,266,4150,25051500,82.4
20250506,250503_01,"장도 기획전시 <HELLO, 고래야>",79,0,79,237000,479,25,504,1437000,22.8
20250507,250225_01,어린이 미술전 <냠냠>,24,14,38,110000,3908,280,4188,25161500,82.7
20250507,250503_01,"장도 기획전시 <HELLO, 고래야>",26,12,38,78000,505,37,542,1515000,24
20250508,250225_01,어린이 미술전 <냠냠>,16,3,19,80000,3924,283,4207,25241500,83
20250508,250503_01,"장도 기획전시 <HELLO, 고래야>",26,1,27,78000,531,38,569,1593000,25.3
20250509,250225_01,어린이 미술전 <냠냠>,112,14,126,750000,4036,297,4333,25991500,85.4
20250509,250503_01,"장도 기획전시 <HELLO, 고래야>",8,0,8,24000,539,38,577,1617000,25.7
20250510,250225_01,어린이 미술전 <냠냠>,53,7,60,360000,4089,304,4393,26351500,86.6
20250510,250503_01,"장도 기획전시 <HELLO, 고래야>",56,3,59,168000,595,41,636,1785000,28.3
20250511,250225_01,어린이 미술전 <냠냠>,40,1,41,280000,4129,305,4434,26631500,87.5
20250511,250503_01,"장도 기획전시 <HELLO, 고래야>",101,2,103,303000,696,43,739,2088000,33.1
20250513,250225_01,어린이 미술전 <냠냠>,35,4,39,225000,4164,309,4473,26856500,88.3
20250513,250503_01,"장도 기획전시 <HELLO, 고래야>",7,0,7,21000,703,43,746,2109000,33.5
20250514,250225_01,어린이 미술전 <냠냠>,178,12,190,826000,4342,321,4663,27682500,91
20250514,250503_01,"장도 기획전시 <HELLO, 고래야>",104,1,105,312000,807,44,851,2421000,38.4
20250515,250225_01,어린이 미술전 <냠냠>,103,25,128,603000,4445,346,4791,28285500,93
20250515,250503_01,"장도 기획전시 <HELLO, 고래야>",6,0,6,18000,813,44,857,2439000,38.7
20250516,250225_01,어린이 미술전 <냠냠>,256,33,289,1243000,4701,379,5080,29528500,97.1
20250516,250503_01,"장도 기획전시 <HELLO, 고래야>",10,0,10,30000,823,44,867,2469000,39.2
20250517,250225_01,어린이 미술전 <냠냠>,108,51,159,680000,4809,430,5239,30208500,99.3
20250517,250503_01,"장도 기획전시 <HELLO, 고래야>",73,6,79,219000,896,50,946,2688000,42.7
20250518,250225_01,어린이 미술전 <냠냠>,59,4,63,345000,4868,434,5302,30553500,100.4
20250518,250503_01,"장도 기획전시 <HELLO, 고래야>",49,1,50,147000,945,51,996,2835000,45
20250520,250225_01,어린이 미술전 <냠냠>,82,49,131,381500,4950,483,5433,30935000,101.7
20250520,250503_01,"장도 기획전시 <HELLO, 고래야>",12,1,13,36000,957,52,1009,2871000,45.6
20250521,250225_01,어린이 미술전 <냠냠>,59,45,104,339000,5009,528,5537,31274000,102.8
20250521,250503_01,"장도 기획전시 <HELLO, 고래야>",8,0,8,24000,965,52,1017,2895000,46
20250522,250225_01,어린이 미술전 <냠냠>,56,13,69,307500,5065,541,5606,31581500,103.8
20250522,250503_01,"장도 기획전시 <HELLO, 고래야>",28,8,36,84000,993,60,1053,2979000,47.3
20250523,250225_01,어린이 미술전 <냠냠>,88,40,128,559500,5153,581,5734,32141000,105.7
20250523,250503_01,"장도 기획전시 <HELLO, 고래야>",19,0,19,57000,1012,60,1072,3036000,48.2
20250524,250225_01,어린이 미술전 <냠냠>,68,5,73,460000,5221,586,5807,32601000,107.2
20250524,250503_01,"장도 기획전시 <HELLO, 고래야>",62,4,66,186000,1074,64,1138,3222000,51.1
20250525,250225_01,어린이 미술전 <냠냠>,50,3,53,335000,5271,589,5860,32936000,108.3
20250525,250503_01,"장도 기획전시 <HELLO, 고래야>",109,1,110,327000,1183,65,1248,3549000,56.3
20250527,250503_01,"장도 기획전시 <HELLO, 고래야>",37,2,39,111000,1220,67,1287,3660000,58.1
20250528,250503_01,"장도 기획전시 <HELLO, 고래야>",26,3,29,78000,1246,70,1316,3738000,59.3
20250529,250503_01,"장도 기획전시 <HELLO, 고래야>",13,0,13,39000,1259,70,1329,3777000,60
20250530,250503_01,"장도 기획전시 <HELLO, 고래야>",16,0,16,48000,1275,70,1345,3825000,60.7
20250531,250503_01,"장도 기획전시 <HELLO, 고래야>",109,0,109,327000,1384,70,1454,4152000,65.9
20250601,250503_01,"장도 기획전시 <HELLO, 고래야>",63,4,67,189000,1447,74,1521,4341000,68.9
20250603,250503_01,"장도 기획전시 <HELLO, 고래야>",82,1,83,246000,1529,75,1604,4587000,72.8
20250604,250503_01,"장도 기획전시 <HELLO, 고래야>",8,2,10,24000,1537,77,1614,4611000,73.2
20250605,250503_01,"장도 기획전시 <HELLO, 고래야>",18,0,18,54000,1555,77,1632,4665000,74
20250606,250503_01,"장도 기획전시 <HELLO, 고래야>",171,1,172,513000,1726,78,1804,5178000,82.2
20250607,250503_01,"장도 기획전시 <HELLO, 고래야>",102,1,103,306000,1828,79,1907,5484000,87
20250608,250503_01,"장도 기획전시 <HELLO, 고래야>",103,2,105,309000,1931,81,2012,5793000,92
20250610,250503_01,"장도 기획전시 <HELLO, 고래야>",28,1,29,84000,1959,82,2041,5877000,93.3
20250611,250503_01,"장도 기획전시 <HELLO, 고래야>",15,0,15,45000,1974,82,2056,5922000,94
20250612,250503_01,"장도 기획전시 <HELLO, 고래야>",15,0,15,45000,1989,82,2071,5967000,94.7
20250613,250503_01,"장도 기획전시 <HELLO, 고래야>",46,1,47,138000,2035,83,2118,6105000,96.9
20250614,250503_01,"장도 기획전시 <HELLO, 고래야>",75,0,75,225000,2110,83,2193,6330000,100.5
20250615,250503_01,"장도 기획전시 <HELLO, 고래야>",60,1,61,180000,2170,84,2254,6510000,103.3
20250617,250503_01,"장도 기획전시 <HELLO, 고래야>",33,1,34,99000,2203,85,2288,6609000,104.9
20250618,250503_01,"장도 기획전시 <HELLO, 고래야>",9,1,10,27000,2212,86,2298,6636000,105.3
20250619,250503_01,"장도 기획전시 <HELLO, 고래야>",20,1,21,60000,2232,87,2319,6696000,106.3
20250620,250503_01,"장도 기획전시 <HELLO, 고래야>",32,0,32,96000,2264,87,2351,6792000,107.8
20250621,250503_01,"장도 기획전시 <HELLO, 고래야>",52,0,52,156000,2316,87,2403,6948000,110.3
20250622,250503_01,"장도 기획전시 <HELLO, 고래야>",86,8,94,258000,2402,95,2497,7206000,114.4
20250624,250503_01,"장도 기획전시 <HELLO, 고래야>",14,4,18,42000,2416,99,2515,7248000,115
20250625,250503_01,"장도 기획전시 <HELLO, 고래야>",26,0,26,78000,2442,99,2541,7326000,116.3
20250626,250503_01,"장도 기획전시 <HELLO, 고래야>",12,0,12,36000,2454,99,2553,7362000,116.9
20250627,250503_01,"장도 기획전시 <HELLO, 고래야>",23,0,23,69000,2477,99,2576,7431000,118
20250628,250503_01,"장도 기획전시 <HELLO, 고래야>",66,0,66,198000,2543,99,2642,7629000,121.1
20250629,250503_01,"장도 기획전시 <HELLO, 고래야>",57,0,57,171000,2600,99,2699,7800000,123.8
20250701,250503_01,"장도 기획전시 <HELLO, 고래야>",10,0,10,30000,2610,99,2709,7830000,124.3
20250702,250503_01,"장도 기획전시 <HELLO, 고래야>",174,3,177,522000,2784,102,2886,8352000,132.6
20250703,250503_01,"장도 기획전시 <HELLO, 고래야>",5,0,5,15000,2789,102,2891,8367000,132.8
20250704,250503_01,"장도 기획전시 <HELLO, 고래야>",18,0,18,54000,2807,102,2909,8421000,133.7
20250705,250503_01,"장도 기획전시 <HELLO, 고래야>",64,0,64,192000,2871,102,2973,8613000,136.7
20250706,250503_01,"장도 기획전시 <HELLO, 고래야>",26,0,26,78000,2897,102,2999,8691000,138
20250708,250503_01,"장도 기획전시 <HELLO, 고래야>",25,2,27,75000,2922,104,3026,8766000,139.1
20250708,250708_01,여름방학전 <내셔널지오그래픽 사진전>,20,2,22,100000,20,2,22,100000,0.3
20250709,250503_01,"장도 기획전시 <HELLO, 고래야>",25,0,25,75000,2947,104,3051,8841000,140.3
20250709,250708_01,여름방학전 <내셔널지오그래픽 사진전>,12,8,20,60000,32,10,42,160000,0.5
20250710,250503_01,"장도 기획전시 <HELLO, 고래야>",6,0,6,18000,2953,104,3057,8859000,140.6
20250710,250708_01,여름방학전 <내셔널지오그래픽 사진전>,12,4,16,60000,44,14,58,220000,0.6
20250711,250503_01,"장도 기획전시 <HELLO, 고래야>",24,0,24,72000,2977,104,3081,8931000,141.8
20250711,250708_01,여름방학전 <내셔널지오그래픽 사진전>,12,0,12,60000,56,14,70,280000,0.8
20250712,250503_01,"장도 기획전시 <HELLO, 고래야>",52,3,55,156000,3029,107,3136,9087000,144.2
20250712,250708_01,여름방학전 <내셔널지오그래픽 사진전>,64,5,69,320000,120,19,139,600000,1.7
20250713,250503_01,"장도 기획전시 <HELLO, 고래야>",21,2,23,63000,3050,109,3159,9150000,145.2
20250713,250708_01,여름방학전 <내셔널지오그래픽 사진전>,17,0,17,85000,137,19,156,685000,2
20250715,250503_01,"장도 기획전시 <HELLO, 고래야>",20,0,20,60000,3070,109,3179,9210000,146.2
20250715,250708_01,여름방학전 <내셔널지오그래픽 사진전>,19,0,19,95000,156,19,175,780000,2.2
20250716,250503_01,"장도 기획전시 <HELLO, 고래야>",8,0,8,24000,3078,109,3187,9234000,146.6
20250716,250708_01,여름방학전 <내셔널지오그래픽 사진전>,26,0,26,130000,182,19,201,910000,2.6
20250717,250503_01,"장도 기획전시 <HELLO, 고래야>",13,0,13,39000,3091,109,3200,9273000,147.2
20250717,250708_01,여름방학전 <내셔널지오그래픽 사진전>,9,0,9,45000,191,19,210,955000,2.7
20250718,250503_01,"장도 기획전시 <HELLO, 고래야>",17,2,19,51000,3108,111,3219,9324000,148
20250718,250708_01,여름방학전 <내셔널지오그래픽 사진전>,11,1,12,55000,202,20,222,1010000,2.9
20250719,250503_01,"장도 기획전시 <HELLO, 고래야>",23,0,23,69000,3131,111,3242,9393000,149.1
20250719,250708_01,여름방학전 <내셔널지오그래픽 사진전>,41,2,43,205000,243,22,265,1215000,3.5
20250720,250503_01,"장도 기획전시 <HELLO, 고래야>",59,0,59,177000,3190,111,3301,9570000,151.9
20250720,250708_01,여름방학전 <내셔널지오그래픽 사진전>,59,0,59,295000,302,22,324,1510000,4.3
20250722,250708_01,여름방학전 <내셔널지오그래픽 사진전>,11,3,14,55000,313,25,338,1565000,4.5
20250723,250708_01,여름방학전 <내셔널지오그래픽 사진전>,18,6,24,90000,331,31,362,1655000,4.7
20250724,250708_01,여름방학전 <내셔널지오그래픽 사진전>,24,1,25,120000,355,32,387,1775000,5.1
20250725,250708_01,여름방학전 <내셔널지오그래픽 사진전>,23,1,24,115000,378,33,411,1890000,5.4
20250726,250708_01,여름방학전 <내셔널지오그래픽 사진전>,78,2,80,390000,456,35,491,2280000,6.5
20250727,250708_01,여름방학전 <내셔널지오그래픽 사진전>,44,1,45,220000,500,36,536,2500000,7.1
20250729,250708_01,여름방학전 <내셔널지오그래픽 사진전>,33,3,36,165000,533,39,572,2665000,7.6
20250730,250708_01,여름방학전 <내셔널지오그래픽 사진전>,37,3,40,185000,570,42,612,2850000,8.1
20250731,250708_01,여름방학전 <내셔널지오그래픽 사진전>,34,0,34,170000,604,42,646,3020000,8.6
20250801,250708_01,여름방학전 <내셔널지오그래픽 사진전>,40,2,42,200000,644,44,688,3220000,9.2
20250802,250708_01,여름방학전 <내셔널지오그래픽 사진전>,100,1,101,500000,744,45,789,3720000,10.6
20250803,250708_01,여름방학전 <내셔널지오그래픽 사진전>,101,2,103,505000,845,47,892,4225000,12.1
20250805,250708_01,여름방학전 <내셔널지오그래픽 사진전>,67,0,67,335000,912,47,959,4560000,13
20250806,250708_01,여름방학전 <내셔널지오그래픽 사진전>,14,10,24,70000,926,57,983,4630000,13.2
20250807,250708_01,여름방학전 <내셔널지오그래픽 사진전>,20,0,20,100000,946,57,1003,4730000,13.5
20250808,250708_01,여름방학전 <내셔널지오그래픽 사진전>,26,1,27,130000,972,58,1030,4860000,13.9
20250808,250808_01,"단기입주작가전 <홍원표_Memory, 존재와 감각의 흔적들>",11,2,13,22000,11,2,13,22000,1.5
20250809,250708_01,여름방학전 <내셔널지오그래픽 사진전>,54,1,55,270000,1026,59,1085,5130000,14.7
20250809,250808_01,"단기입주작가전 <홍원표_Memory, 존재와 감각의 흔적들>",9,19,28,18000,20,21,41,40000,2.7
20250810,250708_01,여름방학전 <내셔널지오그래픽 사진전>,61,1,62,305000,1087,60,1147,5435000,15.5
20250810,250808_01,"단기입주작가전 <홍원표_Memory, 존재와 감각의 흔적들>",31,5,36,62000,51,26,77,102000,6.9
20250812,250708_01,여름방학전 <내셔널지오그래픽 사진전>,32,3,35,160000,1119,63,1182,5595000,16
20250812,250808_01,"단기입주작가전 <홍원표_Memory, 존재와 감각의 흔적들>",15,4,19,30000,66,30,96,132000,9
20250813,250708_01,여름방학전 <내셔널지오그래픽 사진전>,28,5,33,140000,1147,68,1215,5735000,16.4
20250813,250808_01,"단기입주작가전 <홍원표_Memory, 존재와 감각의 흔적들>",11,5,16,22000,77,35,112,154000,10.5
20250814,250708_01,여름방학전 <내셔널지오그래픽 사진전>,40,1,41,200000,1187,69,1256,5935000,17
20250814,250808_01,"단기입주작가전 <홍원표_Memory, 존재와 감각의 흔적들>",11,2,13,22000,88,37,125,176000,12
20250815,250708_01,여름방학전 <내셔널지오그래픽 사진전>,106,7,113,530000,1293,76,1369,6465000,18.5
20250815,250808_01,"단기입주작가전 <홍원표_Memory, 존재와 감각의 흔적들>",16,10,26,32000,104,47,151,208000,14.1
20250816,250708_01,여름방학전 <내셔널지오그래픽 사진전>,112,3,115,560000,1405,79,1484,7025000,20.1
20250816,250808_01,"단기입주작가전 <홍원표_Memory, 존재와 감각의 흔적들>",32,5,37,64000,136,52,188,272000,18.5
20250817,250708_01,여름방학전 <내셔널지오그래픽 사진전>,86,7,93,430000,1491,86,1577,7455000,21.3
20250817,250808_01,"단기입주작가전 <홍원표_Memory, 존재와 감각의 흔적들>",4,0,4,8000,140,52,192,280000,19
20250819,250708_01,여름방학전 <내셔널지오그래픽 사진전>,57,2,59,285000,1548,88,1636,7740000,22.1
20250819,250808_01,"단기입주작가전 <홍원표_Memory, 존재와 감각의 흔적들>",10,2,12,20000,150,54,204,300000,20.4
20250820,250708_01,여름방학전 <내셔널지오그래픽 사진전>,21,8,29,105000,1569,96,1665,7845000,22.4
20250820,250808_01,"단기입주작가전 <홍원표_Memory, 존재와 감각의 흔적들>",6,5,11,12000,156,59,215,312000,21.2
20250821,250708_01,여름방학전 <내셔널지오그래픽 사진전>,34,1,35,170000,1603,97,1700,8015000,22.9
20250821,250808_01,"단기입주작가전 <홍원표_Memory, 존재와 감각의 흔적들>",11,2,13,22000,167,61,228,334000,22.7
20250822,250708_01,여름방학전 <내셔널지오그래픽 사진전>,58,3,61,290000,1661,100,1761,8305000,23.7
20250822,250808_01,"단기입주작가전 <홍원표_Memory, 존재와 감각의 흔적들>",8,3,11,16000,175,64,239,350000,23.8
20250823,250708_01,여름방학전 <내셔널지오그래픽 사진전>,66,1,67,330000,1727,101,1828,8635000,24.7
20250823,250808_01,"단기입주작가전 <홍원표_Memory, 존재와 감각의 흔적들>",13,2,15,26000,188,66,254,376000,25.6
20250824,250708_01,여름방학전 <내셔널지오그래픽 사진전>,87,7,94,435000,1814,108,1922,9070000,25.9
20250824,250808_01,"단기입주작가전 <홍원표_Memory, 존재와 감각의 흔적들>",9,2,11,18000,197,68,265,394000,26.8
20250826,250708_01,여름방학전 <내셔널지오그래픽 사진전>,20,0,20,100000,1834,108,1942,9170000,26.2
20250826,250808_01,"단기입주작가전 <홍원표_Memory, 존재와 감각의 흔적들>",4,9,13,8000,201,77,278,402000,27.3
20250827,250708_01,여름방학전 <내셔널지오그래픽 사진전>,25,0,25,125000,1859,108,1967,9295000,26.6
20250827,250808_01,"단기입주작가전 <홍원표_Memory, 존재와 감각의 흔적들>",1,1,2,2000,202,78,280,404000,27.5
20250828,250708_01,여름방학전 <내셔널지오그래픽 사진전>,29,0,29,145000,1888,108,1996,9440000,27
20250828,250808_01,"단기입주작가전 <홍원표_Memory, 존재와 감각의 흔적들>",9,0,9,18000,211,78,289,422000,28.7
20250829,250708_01,여름방학전 <내셔널지오그래픽 사진전>,45,7,52,225000,1933,115,2048,9665000,27.6
20250829,250808_01,"단기입주작가전 <홍원표_Memory, 존재와 감각의 흔적들>",10,2,12,20000,221,80,301,442000,30.1
20250830,250708_01,여름방학전 <내셔널지오그래픽 사진전>,0,0,0,0,1933,115,2048,9665000,
20250830,250808_01,"단기입주작가전 <홍원표_Memory, 존재와 감각의 흔적들>",25,3,28,50000,246,83,329,492000,33.5
20250831,250708_01,여름방학전 <내셔널지오그래픽 사진전>,108,10,118,540000,2041,125,2166,10205000,29.2
20250831,250808_01,"단기입주작가전 <홍원표_Memory, 존재와 감각의 흔적들>",31,0,31,62000,277,83,360,554000,37.7
20250902,250708_01,여름방학전 <내셔널지오그래픽 사진전>,12,0,12,60000,2053,125,2178,10265000,29.3
20250903,250708_01,여름방학전 <내셔널지오그래픽 사진전>,6,0,6,30000,2059,125,2184,10295000,29.4
20250904,250708_01,여름방학전 <내셔널지오그래픽 사진전>,10,0,10,50000,2069,125,2194,10345000,29.6
20250905,250708_01,여름방학전 <내셔널지오그래픽 사진전>,17,0,17,85000,2086,125,2211,10430000,29.8
20250906,250708_01,여름방학전 <내셔널지오그래픽 사진전>,108,2,110,540000,2194,127,2321,10970000,31.3
20250907,250708_01,여름방학전 <내셔널지오그래픽 사진전>,87,2,89,435000,2281,129,2410,11405000,32.6
20250909,250708_01,여름방학전 <내셔널지오그래픽 사진전>,23,3,26,115000,2304,132,2436,11520000,32.9
20250910,250708_01,여름방학전 <내셔널지오그래픽 사진전>,31,10,41,155000,2335,142,2477,11675000,33.4
20250911,250708_01,여름방학전 <내셔널지오그래픽 사진전>,103,8,111,515000,2438,150,2588,12190000,34.8
20250912,250708_01,여름방학전 <내셔널지오그래픽 사진전>,20,10,30,100000,2458,160,2618,12290000,35.1
20250913,250708_01,여름방학전 <내셔널지오그래픽 사진전>,78,2,80,390000,2536,162,2698,12680000,36.2
20250914,250708_01,여름방학전 <내셔널지오그래픽 사진전>,101,3,104,505000,2637,165,2802,13185000,37.7
20250916,250708_01,여름방학전 <내셔널지오그래픽 사진전>,65,4,69,325000,2702,169,2871,13510000,38.6
20250917,250708_01,여름방학전 <내셔널지오그래픽 사진전>,75,0,75,375000,2777,169,2946,13885000,39.7
20250918,250708_01,여름방학전 <내셔널지오그래픽 사진전>,94,1,95,470000,2871,170,3041,14355000,41
20250919,250708_01,여름방학전 <내셔널지오그래픽 사진전>,142,0,142,710000,3013,170,3183,15065000,43
20250920,250708_01,여름방학전 <내셔널지오그래픽 사진전>,89,24,113,445000,3102,194,3296,15510000,44.3
20250921,250708_01,여름방학전 <내셔널지오그래픽 사진전>,64,2,66,320000,3166,196,3362,15830000,45.2
20250923,250708_01,여름방학전 <내셔널지오그래픽 사진전>,1,0,1,5000,3167,196,3363,15835000,45.2
20250924,250708_01,여름방학전 <내셔널지오그래픽 사진전>,2,0,2,10000,3169,196,3365,15845000,45.3
20250925,250708_01,여름방학전 <내셔널지오그래픽 사진전>,12,1,13,60000,3181,197,3378,15905000,45.4
20250926,250708_01,여름방학전 <내셔널지오그래픽 사진전>,13,2,15,65000,3194,199,3393,15970000,45.6
20250927,250708_01,여름방학전 <내셔널지오그래픽 사진전>,40,1,41,200000,3234,200,3434,16170000,46.2
20250928,250708_01,여름방학전 <내셔널지오그래픽 사진전>,62,2,64,310000,3296,202,3498,16480000,47.1
20251017,251017_01,창작스튜디오 6기 입주작가전_김영진,42,2,44,84000,42,2,44,84000,3.3
20251018,251017_01,창작스튜디오 6기 입주작가전_김영진,12,136,148,24000,54,138,192,108000,4.3
20251019,251017_01,창작스튜디오 6기 입주작가전_김영진,48,2,50,96000,102,140,242,204000,8.1
20251021,251017_01,창작스튜디오 6기 입주작가전_김영진,2,0,2,4000,104,140,244,208000,8.3
20251022,251017_01,창작스튜디오 6기 입주작가전_김영진,14,0,14,28000,118,140,258,236000,9.4
20251023,251017_01,창작스튜디오 6기 입주작가전_김영진,20,3,23,40000,138,143,281,276000,11
20251024,251017_01,창작스튜디오 6기 입주작가전_김영진,38,1,39,76000,176,144,320,352000,14
20251025,251017_01,창작스튜디오 6기 입주작가전_김영진,33,3,36,66000,209,147,356,418000,16.6
20251026,251017_01,창작스튜디오 6기 입주작가전_김영진,23,1,24,46000,232,148,380,464000,18.4
20251028,251017_01,창작스튜디오 6기 입주작가전_김영진,6,1,7,12000,238,149,387,476000,18.9
20251029,251017_01,창작스튜디오 6기 입주작가전_김영진,186,2,188,372000,424,151,575,848000,33.7
20251030,251017_01,창작스튜디오 6기 입주작가전_김영진,32,4,36,64000,456,155,611,912000,36.2
20251031,251017_01,창작스튜디오 6기 입주작가전_김영진,31,1,32,62000,487,156,643,974000,38.7
20251101,251017_01,창작스튜디오 6기 입주작가전_김영진,41,4,45,82000,528,160,688,1056000,41.9
20251102,251017_01,창작스튜디오 6기 입주작가전_김영진,26,5,31,52000,554,165,719,1108000,44
20251107,251017_02,창작스튜디오 6기 입주작가전_김희수,576,165,741,1152000,576,165,741,1152000,45.7
20251107,251107_01,지역작가초대전 <이존립>,34,5,39,102000,34,5,39,102000,6.9
20251108,251017_02,창작스튜디오 6기 입주작가전_김희수,32,0,32,64000,608,165,773,1216000,48.3
20251108,251107_01,지역작가초대전 <이존립>,30,0,30,90000,64,5,69,192000,13.1
20251109,251017_02,창작스튜디오 6기 입주작가전_김희수,7,2,9,14000,615,167,782,1230000,48.8
20251109,251107_01,지역작가초대전 <이존립>,49,3,52,147000,113,8,121,339000,23.1
20251111,251017_02,창작스튜디오 6기 입주작가전_김희수,5,1,6,10000,620,168,788,1240000,49.2
20251111,251107_01,지역작가초대전 <이존립>,20,81,101,60000,133,89,222,399000,27.1
20251112,251017_02,창작스튜디오 6기 입주작가전_김희수,16,0,16,32000,636,168,804,1272000,50.5
20251112,251107_01,지역작가초대전 <이존립>,34,2,36,102000,167,91,258,501000,34.1
20251113,251017_02,창작스튜디오 6기 입주작가전_김희수,25,2,27,50000,661,170,831,1322000,52.5
20251113,251107_01,지역작가초대전 <이존립>,48,10,58,144000,215,101,316,645000,43.9
20251114,251017_02,창작스튜디오 6기 입주작가전_김희수,35,4,39,70000,696,174,870,1392000,55.2
20251114,251107_01,지역작가초대전 <이존립>,26,2,28,78000,241,103,344,723000,49.2
20251115,251017_02,창작스튜디오 6기 입주작가전_김희수,59,2,61,118000,755,176,931,1510000,59.9
20251115,251107_01,지역작가초대전 <이존립>,61,10,71,183000,302,113,415,906000,61.6
20251116,251017_02,창작스튜디오 6기 입주작가전_김희수,26,0,26,52000,781,176,957,1562000,62
20251116,251107_01,지역작가초대전 <이존립>,40,1,41,120000,342,114,456,1026000,69.8
20251118,251017_02,창작스튜디오 6기 입주작가전_김희수,10,2,12,20000,791,178,969,1582000,62.8
20251118,251107_01,지역작가초대전 <이존립>,13,5,18,39000,355,119,474,1065000,72.4
20251119,251017_02,창작스튜디오 6기 입주작가전_김희수,16,1,17,32000,807,179,986,1614000,64
20251119,251107_01,지역작가초대전 <이존립>,100,2,102,300000,455,121,576,1365000,92.9
20251120,251017_02,창작스튜디오 6기 입주작가전_김희수,48,4,52,96000,855,183,1038,1710000,67.9
20251120,251107_01,지역작가초대전 <이존립>,23,0,23,69000,478,121,599,1434000,97.6
20251121,251017_02,창작스튜디오 6기 입주작가전_김희수,41,5,46,82000,896,188,1084,1792000,71.1
20251121,251107_01,지역작가초대전 <이존립>,27,1,28,81000,505,122,627,1515000,103.1
20251122,251017_02,창작스튜디오 6기 입주작가전_김희수,64,6,70,128000,960,194,1154,1920000,76.2
20251122,251107_01,지역작가초대전 <이존립>,99,2,101,297000,604,124,728,1812000,123.3
20251123,251017_02,창작스튜디오 6기 입주작가전_김희수,25,6,31,50000,985,200,1185,1970000,78.2
20251123,251107_01,지역작가초대전 <이존립>,57,11,68,171000,661,135,796,1983000,134.9
20251125,251107_01,지역작가초대전 <이존립>,20,2,22,60000,681,137,818,2043000,139
20251126,251107_01,지역작가초대전 <이존립>,115,2,117,345000,796,139,935,2388000,162.4
20251127,251107_01,지역작가초대전 <이존립>,111,8,119,333000,907,147,1054,2721000,185.1
20251128,251017_03,창작스튜디오 6기 입주작가전_형세린,1024,209,1233,2048000,1024,209,1233,2048000,81.3
20251128,251107_01,지역작가초대전 <이존립>,17,7,24,51000,924,154,1078,2772000,188.6
20251129,251017_03,창작스튜디오 6기 입주작가전_형세린,73,8,81,146000,1097,217,1314,2194000,87.1
20251129,251107_01,지역작가초대전 <이존립>,90,3,93,270000,1014,157,1171,3042000,206.9
20251130,251017_03,창작스튜디오 6기 입주작가전_형세린,39,1,40,78000,1136,218,1354,2272000,90.2
20251130,251107_01,지역작가초대전 <이존립>,57,2,59,171000,1071,159,1230,3213000,218.6
20251202,251017_03,창작스튜디오 6기 입주작가전_형세린,14,3,17,28000,1150,221,1371,2300000,91.3
20251202,251107_01,지역작가초대전 <이존립>,14,3,17,42000,1085,162,1247,3255000,221.4
20251203,251017_03,창작스튜디오 6기 입주작가전_형세린,9,3,12,18000,1159,224,1383,2318000,92
20251203,251107_01,지역작가초대전 <이존립>,12,10,22,36000,1097,172,1269,3291000,223.9
20251204,251017_03,창작스튜디오 6기 입주작가전_형세린,10,0,10,20000,1169,224,1393,2338000,92.8
20251204,251107_01,지역작가초대전 <이존립>,46,4,50,138000,1143,176,1319,3429000,233.3
20251205,251017_03,창작스튜디오 6기 입주작가전_형세린,5,8,13,10000,1174,232,1406,2348000,93.2
20251205,251107_01,지역작가초대전 <이존립>,22,2,24,66000,1165,178,1343,3495000,237.8
20251206,251017_03,창작스튜디오 6기 입주작가전_형세린,31,1,32,62000,1205,233,1438,2410000,95.6
20251206,251107_01,지역작가초대전 <이존립>,5,0,5,15000,1170,178,1348,3510000,238.8
20251207,251017_03,창작스튜디오 6기 입주작가전_형세린,25,5,30,50000,1230,238,1468,2460000,97.6
20251207,251107_01,지역작가초대전 <이존립>,45,6,51,135000,1215,184,1399,3645000,248
20251209,251017_03,창작스튜디오 6기 입주작가전_형세린,14,0,14,28000,1244,238,1482,2488000,98.7
20251209,251107_01,지역작가초대전 <이존립>,122,5,127,366000,1337,189,1526,4011000,272.9
20251210,251017_03,창작스튜디오 6기 입주작가전_형세린,27,0,27,54000,1271,238,1509,2542000,100.9
20251210,251107_01,지역작가초대전 <이존립>,11,0,11,33000,1348,189,1537,4044000,275.1
20251211,251017_03,창작스튜디오 6기 입주작가전_형세린,12,1,13,24000,1283,239,1522,2566000,101.8
20251211,251107_01,지역작가초대전 <이존립>,12,3,15,36000,1360,192,1552,4080000,277.6
20251212,251017_03,창작스튜디오 6기 입주작가전_형세린,18,1,19,36000,1301,240,1541,2602000,103.3
20251212,251107_01,지역작가초대전 <이존립>,154,4,158,462000,1514,196,1710,4542000,309
20251213,251017_03,창작스튜디오 6기 입주작가전_형세린,62,4,66,124000,1363,244,1607,2726000,108.2
20251213,251107_01,지역작가초대전 <이존립>,39,9,48,117000,1553,205,1758,4659000,316.9
20251214,251017_03,창작스튜디오 6기 입주작가전_형세린,33,6,39,66000,1396,250,1646,2792000,110.8
20251214,251107_01,지역작가초대전 <이존립>,25,0,25,75000,1578,205,1783,4734000,322
20251216,251017_03,창작스튜디오 6기 입주작가전_형세린,8,0,8,16000,1404,250,1654,2808000,111.4
20251216,251107_01,지역작가초대전 <이존립>,19,6,25,57000,1597,211,1808,4791000,325.9
20251217,251017_03,창작스튜디오 6기 입주작가전_형세린,20,3,23,40000,1424,253,1677,2848000,113
20251217,251107_01,지역작가초대전 <이존립>,28,11,39,84000,1625,222,1847,4875000,331.6
20251218,251017_03,창작스튜디오 6기 입주작가전_형세린,29,2,31,58000,1453,255,1708,2906000,115.3
20251218,251107_01,지역작가초대전 <이존립>,29,7,36,87000,1654,229,1883,4962000,337.6
20251219,251017_03,창작스튜디오 6기 입주작가전_형세린,13,7,20,26000,1466,262,1728,2932000,116.3
20251219,251107_01,지역작가초대전 <이존립>,136,1,137,408000,1790,230,2020,5370000,365.3
20251220,251017_03,창작스튜디오 6기 입주작가전_형세린,35,0,35,70000,1501,262,1763,3002000,119.1
20251220,251107_01,지역작가초대전 <이존립>,47,2,49,141000,1837,232,2069,5511000,374.9
20251221,251017_03,창작스튜디오 6기 입주작가전_형세린,18,0,18,36000,1519,262,1781,3038000,120.6
20251221,251107_01,지역작가초대전 <이존립>,43,0,43,129000,1880,232,2112,5640000,383.7
20251223,251107_01,지역작가초대전 <이존립>,59,1,60,177000,1939,233,2172,5817000,395.7
20251224,251107_01,지역작가초대전 <이존립>,41,0,41,123000,1980,233,2213,5940000,404.1
20251225,251107_01,지역작가초대전 <이존립>,59,4,63,177000,2039,237,2276,6117000,416.1
20251226,251107_01,지역작가초대전 <이존립>,9,3,12,27000,2048,240,2288,6144000,418
20251227,251107_01,지역작가초대전 <이존립>,32,9,41,96000,2080,249,2329,6240000,424.5
20251228,251107_01,지역작가초대전 <이존립>,25,0,25,75000,2105,249,2354,6315000,429.6
20260213,260213_01,창작스튜디오 7기 입주작가 프리뷰,35,4,39,70000,35,4,39,70000,3.4
20260214,260213_01,창작스튜디오 7기 입주작가 프리뷰,50,0,50,100000,85,4,89,170000,8.2
20260215,260213_01,창작스튜디오 7기 입주작가 프리뷰,73,3,76,146000,158,7,165,316000,15.2
20260218,260213_01,창작스튜디오 7기 입주작가 프리뷰,47,3,50,94000,205,10,215,410000,19.7
20260219,260213_01,창작스튜디오 7기 입주작가 프리뷰,26,0,26,52000,231,10,241,462000,22.2
20260220,260213_01,창작스튜디오 7기 입주작가 프리뷰,25,0,25,50000,256,10,266,512000,24.6
20260221,260213_01,창작스튜디오 7기 입주작가 프리뷰,34,0,34,68000,290,10,300,580000,27.9
20260222,260213_01,창작스튜디오 7기 입주작가 프리뷰,24,0,24,48000,314,10,324,628000,30.2
20260224,260213_01,창작스튜디오 7기 입주작가 프리뷰,8,0,8,16000,322,10,332,644000,31
20260225,260213_01,창작스튜디오 7기 입주작가 프리뷰,31,3,34,62000,353,13,366,706000,33.9
20260226,260213_01,창작스튜디오 7기 입주작가 프리뷰,22,5,27,44000,375,18,393,750000,36.1
20260227,260213_01,창작스튜디오 7기 입주작가 프리뷰,22,0,22,44000,397,18,415,794000,38.2
20260227,260227_01,어린이미술전 <우리 SUM 타볼래>,5,0,5,29000,5,0,5,29000,0.1
20260228,260213_01,창작스튜디오 7기 입주작가 프리뷰,33,3,36,66000,430,21,451,860000,41.3
20260228,260227_01,어린이미술전 <우리 SUM 타볼래>,33,1,34,199000,38,1,39,228000,0.7
20260301,260213_01,창작스튜디오 7기 입주작가 프리뷰,51,1,52,102000,481,22,503,962000,46.3
20260301,260227_01,어린이미술전 <우리 SUM 타볼래>,42,3,45,254000,80,4,84,482000,1.5
20260303,260213_01,창작스튜디오 7기 입주작가 프리뷰,10,0,10,20000,491,22,513,982000,47.2
20260303,260227_01,어린이미술전 <우리 SUM 타볼래>,4,1,5,22000,84,5,89,504000,1.6
20260304,260213_01,창작스튜디오 7기 입주작가 프리뷰,14,2,16,28000,505,24,529,1010000,48.6
20260304,260227_01,어린이미술전 <우리 SUM 타볼래>,7,0,7,41000,91,5,96,545000,1.7
20260305,260213_01,창작스튜디오 7기 입주작가 프리뷰,11,0,11,22000,516,24,540,1032000,49.6
20260305,260227_01,어린이미술전 <우리 SUM 타볼래>,2,0,2,12000,93,5,98,557000,1.8
20260306,260213_01,창작스튜디오 7기 입주작가 프리뷰,4,0,4,8000,520,24,544,1040000,50
20260306,260227_01,어린이미술전 <우리 SUM 타볼래>,12,1,13,64000,105,6,111,621000,2
20260307,260213_01,창작스튜디오 7기 입주작가 프리뷰,39,2,41,78000,559,26,585,1118000,53.8
20260307,260227_01,어린이미술전 <우리 SUM 타볼래>,21,4,25,125000,126,10,136,746000,2.4
20260308,260213_01,창작스튜디오 7기 입주작가 프리뷰,27,5,32,54000,586,31,617,1172000,56.3
20260308,260227_01,어린이미술전 <우리 SUM 타볼래>,44,2,46,262000,170,12,182,1008000,3.2
20260310,260213_01,창작스튜디오 7기 입주작가 프리뷰,10,7,17,20000,596,38,634,1192000,57.3
20260310,260227_01,어린이미술전 <우리 SUM 타볼래>,6,1,7,36000,176,13,189,1044000,3.3
20260311,260213_01,창작스튜디오 7기 입주작가 프리뷰,12,2,14,24000,608,40,648,1216000,58.5
20260311,260227_01,어린이미술전 <우리 SUM 타볼래>,4,1,5,22000,180,14,194,1066000,3.4
20260312,260213_01,창작스튜디오 7기 입주작가 프리뷰,28,2,30,56000,636,42,678,1272000,61.2
20260312,260227_01,어린이미술전 <우리 SUM 타볼래>,2,1,3,10000,182,15,197,1076000,3.4
20260313,260213_01,창작스튜디오 7기 입주작가 프리뷰,11,0,11,22000,647,42,689,1294000,62.2
20260313,260227_01,어린이미술전 <우리 SUM 타볼래>,66,0,66,298500,248,15,263,1374500,4.4
20260314,260213_01,창작스튜디오 7기 입주작가 프리뷰,44,0,44,88000,691,42,733,1382000,66.4
20260314,260227_01,어린이미술전 <우리 SUM 타볼래>,72,3,75,414000,320,18,338,1788500,5.7
20260315,260213_01,창작스튜디오 7기 입주작가 프리뷰,45,0,45,90000,736,42,778,1472000,70.8
20260315,260227_01,어린이미술전 <우리 SUM 타볼래>,46,3,49,266000,366,21,387,2054500,6.5
20260317,260213_01,창작스튜디오 7기 입주작가 프리뷰,4,3,7,8000,740,45,785,1480000,71.2
20260317,260227_01,어린이미술전 <우리 SUM 타볼래>,5,5,10,27000,371,26,397,2081500,6.6
20260318,260213_01,창작스튜디오 7기 입주작가 프리뷰,15,0,15,30000,755,45,800,1510000,72.6
20260318,260227_01,어린이미술전 <우리 SUM 타볼래>,5,2,7,29000,376,28,404,2110500,6.7
20260319,260213_01,창작스튜디오 7기 입주작가 프리뷰,15,0,15,30000,770,45,815,1540000,74
20260319,260227_01,어린이미술전 <우리 SUM 타볼래>,7,2,9,35000,383,30,413,2145500,6.8
20260320,260213_01,창작스튜디오 7기 입주작가 프리뷰,4,3,7,8000,774,48,822,1548000,74.4
20260320,260227_01,어린이미술전 <우리 SUM 타볼래>,24,0,24,148000,407,30,437,2293500,7.3
20260321,260213_01,창작스튜디오 7기 입주작가 프리뷰,32,2,34,64000,806,50,856,1612000,77.5
20260321,260227_01,어린이미술전 <우리 SUM 타볼래>,77,5,82,431000,484,35,519,2724500,8.6
20260322,260213_01,창작스튜디오 7기 입주작가 프리뷰,22,0,22,44000,828,50,878,1656000,79.6
20260322,260227_01,어린이미술전 <우리 SUM 타볼래>,86,5,91,496000,570,40,610,3220500,10.2
20260324,260227_01,어린이미술전 <우리 SUM 타볼래>,10,0,10,50000,580,40,620,3270500,10.4
20260325,260227_01,어린이미술전 <우리 SUM 타볼래>,2,2,4,12000,582,42,624,3282500,10.4
20260326,260227_01,어린이미술전 <우리 SUM 타볼래>,4,1,5,22000,586,43,629,3304500,10.5
20260327,260227_01,어린이미술전 <우리 SUM 타볼래>,8,3,11,48000,594,46,640,3352500,10.6
20260327,260327_01,섬냥이 in 장도,2,4,6,6000,2,4,6,6000,0.1
20260328,260227_01,어린이미술전 <우리 SUM 타볼래>,54,4,58,318000,648,50,698,3670500,11.7
20260328,260327_01,섬냥이 in 장도,89,0,89,267000,91,4,95,273000,2.7
20260329,260227_01,어린이미술전 <우리 SUM 타볼래>,32,1,33,170000,680,51,731,3840500,12.2
20260329,260327_01,섬냥이 in 장도,63,0,63,189000,154,4,158,462000,4.6
20260331,260227_01,어린이미술전 <우리 SUM 타볼래>,5,1,6,27000,685,52,737,3867500,12.3
20260331,260327_01,섬냥이 in 장도,8,0,8,24000,162,4,166,486000,4.9
20260401,260227_01,어린이미술전 <우리 SUM 타볼래>,5,0,5,29000,690,52,742,3896500,12.4
20260401,260327_01,섬냥이 in 장도,9,0,9,27000,171,4,175,513000,5.1
20260402,260227_01,어린이미술전 <우리 SUM 타볼래>,16,1,17,84000,706,53,759,3980500,12.6
20260402,260327_01,섬냥이 in 장도,12,1,13,36000,183,5,188,549000,5.5
20260403,260227_01,어린이미술전 <우리 SUM 타볼래>,14,3,17,72000,720,56,776,4052500,12.9
20260403,260327_01,섬냥이 in 장도,37,0,37,111000,220,5,225,660000,6.6
20260404,260227_01,어린이미술전 <우리 SUM 타볼래>,53,1,54,299000,773,57,830,4351500,13.8
20260404,260327_01,섬냥이 in 장도,65,1,66,195000,285,6,291,855000,8.6
20260405,260227_01,어린이미술전 <우리 SUM 타볼래>,62,3,65,366000,835,60,895,4717500,15
20260405,260327_01,섬냥이 in 장도,66,0,66,198000,351,6,357,1053000,10.5
20260407,260227_01,어린이미술전 <우리 SUM 타볼래>,50,0,50,231000,885,60,945,4948500,15.7
20260407,260327_01,섬냥이 in 장도,54,0,54,162000,405,6,411,1215000,12.2
20260408,260227_01,어린이미술전 <우리 SUM 타볼래>,53,3,56,243500,938,63,1001,5192000,16.5
20260408,260327_01,섬냥이 in 장도,39,2,41,117000,444,8,452,1332000,13.3
20260409,260227_01,어린이미술전 <우리 SUM 타볼래>,15,2,17,97000,953,65,1018,5289000,16.8
20260409,260327_01,섬냥이 in 장도,1,0,1,3000,445,8,453,1335000,13.4
20260410,260227_01,어린이미술전 <우리 SUM 타볼래>,8,0,8,42000,961,65,1026,5331000,16.9
20260410,260327_01,섬냥이 in 장도,25,5,30,75000,470,13,483,1410000,14.1
20260411,260227_01,어린이미술전 <우리 SUM 타볼래>,59,4,63,323000,1020,69,1089,5654000,17.9
20260411,260327_01,섬냥이 in 장도,88,1,89,264000,558,14,572,1674000,16.7
20260412,260227_01,어린이미술전 <우리 SUM 타볼래>,34,12,46,194000,1054,81,1135,5848000,18.6
20260412,260327_01,섬냥이 in 장도,61,2,63,183000,619,16,635,1857000,18.6
20260414,260227_01,어린이미술전 <우리 SUM 타볼래>,3,0,3,19000,1057,81,1138,5867000,18.6
20260414,260327_01,섬냥이 in 장도,8,0,8,24000,627,16,643,1881000,18.8
20260415,260227_01,어린이미술전 <우리 SUM 타볼래>,85,3,88,461000,1142,84,1226,6328000,20.1
20260415,260327_01,섬냥이 in 장도,23,0,23,69000,650,16,666,1950000,19.5
20260416,260227_01,어린이미술전 <우리 SUM 타볼래>,5,3,8,29000,1147,87,1234,6357000,20.2
20260416,260327_01,섬냥이 in 장도,41,3,44,123000,691,19,710,2073000,20.7
20260417,260227_01,어린이미술전 <우리 SUM 타볼래>,4,0,4,24000,1151,87,1238,6381000,20.3
20260417,260327_01,섬냥이 in 장도,29,0,29,87000,720,19,739,2160000,21.6
20260418,260227_01,어린이미술전 <우리 SUM 타볼래>,74,18,92,400000,1225,105,1330,6781000,21.5
20260418,260327_01,섬냥이 in 장도,57,5,62,171000,777,24,801,2331000,23.3
20260419,260227_01,어린이미술전 <우리 SUM 타볼래>,29,1,30,157000,1254,106,1360,6938000,22
20260419,260327_01,섬냥이 in 장도,39,1,40,117000,816,25,841,2448000,24.5
20260421,260227_01,어린이미술전 <우리 SUM 타볼래>,19,0,19,111000,1273,106,1379,7049000,22.4
20260421,260327_01,섬냥이 in 장도,36,0,36,108000,852,25,877,2556000,25.6
20260422,260227_01,어린이미술전 <우리 SUM 타볼래>,14,0,14,63000,1287,106,1393,7112000,22.6
20260422,260327_01,섬냥이 in 장도,17,0,17,51000,869,25,894,2607000,26.1
20260423,260227_01,어린이미술전 <우리 SUM 타볼래>,5,0,5,31000,1292,106,1398,7143000,22.7
20260423,260327_01,섬냥이 in 장도,21,0,21,63000,890,25,915,2670000,26.7
20260424,260227_01,어린이미술전 <우리 SUM 타볼래>,54,4,58,314500,1346,110,1456,7457500,23.7
20260424,260327_01,섬냥이 in 장도,45,2,47,135000,935,27,962,2805000,28.1
20260425,260227_01,어린이미술전 <우리 SUM 타볼래>,70,8,78,396000,1416,118,1534,7853500,24.9
20260425,260327_01,섬냥이 in 장도,56,3,59,168000,991,30,1021,2973000,29.7
20260426,260227_01,어린이미술전 <우리 SUM 타볼래>,58,3,61,314000,1474,121,1595,8167500,25.9
20260426,260327_01,섬냥이 in 장도,65,2,67,195000,1056,32,1088,3168000,31.7
20260428,260227_01,어린이미술전 <우리 SUM 타볼래>,3,0,3,15000,1477,121,1598,8182500,26
20260428,260327_01,섬냥이 in 장도,17,0,17,51000,1073,32,1105,3219000,32.2
20260429,260227_01,어린이미술전 <우리 SUM 타볼래>,73,0,73,432500,1550,121,1671,8615000,27.3
20260429,260327_01,섬냥이 in 장도,12,0,12,36000,1085,32,1117,3255000,32.6
20260430,260227_01,어린이미술전 <우리 SUM 타볼래>,1,0,1,5000,1551,121,1672,8620000,27.4
20260430,260327_01,섬냥이 in 장도,11,0,11,33000,1096,32,1128,3288000,32.9
20260501,260227_01,어린이미술전 <우리 SUM 타볼래>,20,3,23,106000,1571,124,1695,8726000,27.7
20260501,260327_01,섬냥이 in 장도,97,1,98,291000,1193,33,1226,3579000,35.8
20260502,260227_01,어린이미술전 <우리 SUM 타볼래>,17,2,19,91000,1588,126,1714,8817000,28
20260502,260327_01,섬냥이 in 장도,143,0,143,429000,1336,33,1369,4008000,40.1
20260503,260227_01,어린이미술전 <우리 SUM 타볼래>,52,2,54,274000,1640,128,1768,9091000,28.9
20260503,260327_01,섬냥이 in 장도,56,0,56,168000,1392,33,1425,4176000,41.8
20260504,260227_01,어린이미술전 <우리 SUM 타볼래>,12,1,13,60000,1652,129,1781,9151000,29.1
20260504,260327_01,섬냥이 in 장도,56,1,57,168000,1448,34,1482,4344000,43.4
20260505,260227_01,어린이미술전 <우리 SUM 타볼래>,35,2,37,177000,1687,131,1818,9328000,29.6
20260505,260327_01,섬냥이 in 장도,70,1,71,210000,1518,35,1553,4554000,45.5
20260506,260227_01,어린이미술전 <우리 SUM 타볼래>,0,0,0,0,1687,131,1818,9328000,
20260506,260327_01,섬냥이 in 장도,13,0,13,39000,1531,35,1566,4593000,45.9
20260507,260227_01,어린이미술전 <우리 SUM 타볼래>,21,1,22,105000,1708,132,1840,9433000,29.9
20260507,260327_01,섬냥이 in 장도,15,0,15,45000,1546,35,1581,4638000,46.4
20260508,260227_01,어린이미술전 <우리 SUM 타볼래>,103,4,107,466500,1811,136,1947,9899500,31.4
20260508,260327_01,섬냥이 in 장도,33,0,33,99000,1579,35,1614,4737000,47.4
20260509,260227_01,어린이미술전 <우리 SUM 타볼래>,21,5,26,109000,1832,141,1973,10008500,31.8
20260509,260327_01,섬냥이 in 장도,66,2,68,198000,1645,37,1682,4935000,49.4
20260510,260227_01,어린이미술전 <우리 SUM 타볼래>,17,2,19,91000,1849,143,1992,10099500,32.1
20260510,260327_01,섬냥이 in 장도,73,1,74,219000,1718,38,1756,5154000,51.5
20260512,260227_01,어린이미술전 <우리 SUM 타볼래>,89,0,89,415000,1938,143,2081,10514500,33.4
20260512,260327_01,섬냥이 in 장도,14,0,14,42000,1732,38,1770,5196000,52
20260513,260227_01,어린이미술전 <우리 SUM 타볼래>,11,0,11,55000,1949,143,2092,10569500,33.6
20260513,260327_01,섬냥이 in 장도,15,0,15,45000,1747,38,1785,5241000,52.4
20260514,260227_01,어린이미술전 <우리 SUM 타볼래>,78,7,85,366000,2027,150,2177,10935500,34.7
20260514,260327_01,섬냥이 in 장도,35,7,42,105000,1782,45,1827,5346000,53.5
20260515,260227_01,어린이미술전 <우리 SUM 타볼래>,67,0,67,355500,2094,150,2244,11291000,35.8
20260515,260327_01,섬냥이 in 장도,21,1,22,63000,1803,46,1849,5409000,54.1
20260516,260227_01,어린이미술전 <우리 SUM 타볼래>,23,14,37,125000,2117,164,2281,11416000,36.2
20260516,260327_01,섬냥이 in 장도,88,0,88,264000,1891,46,1937,5673000,56.7
20260517,260227_01,어린이미술전 <우리 SUM 타볼래>,18,5,23,92000,2135,169,2304,11508000,36.5
20260517,260327_01,섬냥이 in 장도,65,0,65,195000,1956,46,2002,5868000,58.7
20260519,260227_01,어린이미술전 <우리 SUM 타볼래>,23,6,29,127000,2158,175,2333,11635000,36.9
20260519,260327_01,섬냥이 in 장도,4,0,4,12000,1960,46,2006,5880000,58.8
20260520,260227_01,어린이미술전 <우리 SUM 타볼래>,55,2,57,248500,2213,177,2390,11883500,37.7
20260520,260327_01,섬냥이 in 장도,0,4,4,0,1960,50,2010,5880000,
20260521,260227_01,어린이미술전 <우리 SUM 타볼래>,38,0,38,217500,2251,177,2428,12101000,38.4
20260521,260327_01,섬냥이 in 장도,26,0,26,78000,1986,50,2036,5958000,59.6
20260522,260227_01,어린이미술전 <우리 SUM 타볼래>,43,3,46,227000,2294,180,2474,12328000,39.1
20260522,260327_01,섬냥이 in 장도,14,2,16,42000,2000,52,2052,6000000,60
20260523,260227_01,어린이미술전 <우리 SUM 타볼래>,14,0,14,72000,2308,180,2488,12400000,39.4
20260523,260327_01,섬냥이 in 장도,61,0,61,183000,2061,52,2113,6183000,61.8
20260524,260227_01,어린이미술전 <우리 SUM 타볼래>,19,1,20,107000,2327,181,2508,12507000,39.7
20260524,260327_01,섬냥이 in 장도,133,3,136,399000,2194,55,2249,6582000,65.8
20260526,260227_01,어린이미술전 <우리 SUM 타볼래>,18,1,19,86000,2345,182,2527,12593000,40
20260526,260327_01,섬냥이 in 장도,24,1,25,72000,2218,56,2274,6654000,66.5
20260527,260227_01,어린이미술전 <우리 SUM 타볼래>,26,0,26,124500,2371,182,2553,12717500,40.4
20260527,260327_01,섬냥이 in 장도,7,0,7,21000,2225,56,2281,6675000,66.8
20260528,260227_01,어린이미술전 <우리 SUM 타볼래>,5,0,5,29000,2376,182,2558,12746500,40.5
20260528,260327_01,섬냥이 in 장도,5,0,5,15000,2230,56,2286,6690000,66.9
20260529,260227_01,어린이미술전 <우리 SUM 타볼래>,13,2,15,65000,2389,184,2573,12811500,40.7
20260529,260327_01,섬냥이 in 장도,35,1,36,105000,2265,57,2322,6795000,68
20260530,260227_01,어린이미술전 <우리 SUM 타볼래>,50,9,59,252000,2439,193,2632,13063500,41.5
20260530,260327_01,섬냥이 in 장도,73,0,73,219000,2338,57,2395,7014000,70.1
20260530,260416_01,어린이미술전 <우리 SUM 타볼래> 워크숍,21,0,21,1852000,21,0,21,1852000,38.6
20260602,260227_01,어린이미술전 <우리 SUM 타볼래>,24,0,24,112500,2463,193,2656,13176000,41.8
20260602,260327_01,섬냥이 in 장도,11,0,11,33000,2349,57,2406,7047000,70.5
20260603,260227_01,어린이미술전 <우리 SUM 타볼래>,26,0,26,140000,2489,193,2682,13316000,42.3
20260603,260327_01,섬냥이 in 장도,32,0,32,96000,2381,57,2438,7143000,71.4
20260604,260227_01,어린이미술전 <우리 SUM 타볼래>,29,11,40,140000,2518,204,2722,13456000,42.7
20260604,260327_01,섬냥이 in 장도,12,0,12,36000,2393,57,2450,7179000,71.8
20260605,260227_01,어린이미술전 <우리 SUM 타볼래>,28,1,29,127500,2546,205,2751,13583500,43.1
20260605,260327_01,섬냥이 in 장도,30,0,30,90000,2423,57,2480,7269000,72.7
20260606,260227_01,어린이미술전 <우리 SUM 타볼래>,7,5,12,37000,2553,210,2763,13620500,43.2
20260606,260327_01,섬냥이 in 장도,51,0,51,153000,2474,57,2531,7422000,74.2
20260607,260227_01,어린이미술전 <우리 SUM 타볼래>,15,1,16,79000,2568,211,2779,13699500,43.5
20260607,260327_01,섬냥이 in 장도,90,0,90,270000,2564,57,2621,7692000,76.9
20260609,260227_01,어린이미술전 <우리 SUM 타볼래>,3,0,3,15000,2571,211,2782,13714500,43.5
20260609,260327_01,섬냥이 in 장도,8,1,9,24000,2572,58,2630,7716000,77.2
20260610,260227_01,어린이미술전 <우리 SUM 타볼래>,4,0,4,20000,2575,211,2786,13734500,43.6
20260610,260327_01,섬냥이 in 장도,34,0,34,102000,2606,58,2664,7818000,78.2
20260611,260227_01,어린이미술전 <우리 SUM 타볼래>,21,0,21,121000,2596,211,2807,13855500,44
20260611,260327_01,섬냥이 in 장도,7,0,7,21000,2613,58,2671,7839000,78.4
20260612,260227_01,어린이미술전 <우리 SUM 타볼래>,34,4,38,158500,2630,215,2845,14014000,44.5
20260612,260327_01,섬냥이 in 장도,11,1,12,33000,2624,59,2683,7872000,78.7
20260613,260227_01,어린이미술전 <우리 SUM 타볼래>,22,5,27,120000,2652,220,2872,14134000,44.9
20260613,260327_01,섬냥이 in 장도,57,3,60,171000,2681,62,2743,8043000,80.4
20260613,260613_01,창작스튜디오 오픈스튜디오,0,532,532,0,0,532,532,0,
20260614,260227_01,어린이미술전 <우리 SUM 타볼래>,32,0,32,182000,2684,220,2904,14316000,45.4
20260614,260327_01,섬냥이 in 장도,63,4,67,189000,2744,66,2810,8232000,82.3
20260614,260613_01,창작스튜디오 오픈스튜디오,0,522,522,0,0,1054,1054,0,
20260616,260227_01,어린이미술전 <우리 SUM 타볼래>,35,2,37,164000,2719,222,2941,14480000,46
20260616,260327_01,섬냥이 in 장도,26,0,26,78000,2770,66,2836,8310000,83.1
20260617,260227_01,어린이미술전 <우리 SUM 타볼래>,70,10,80,328000,2789,232,3021,14808000,47
20260617,260327_01,섬냥이 in 장도,6,0,6,18000,2776,66,2842,8328000,83.3
20260618,260227_01,어린이미술전 <우리 SUM 타볼래>,211,1,212,1376000,3000,233,3233,16184000,51.4
20260618,260327_01,섬냥이 in 장도,19,2,21,57000,2795,68,2863,8385000,83.9
